4,20,0.5,10,17,2,2e+06,0,0,100,0,73,13,84,13,59,36,81,50,0.347,0.463,0.306,0.335,0.49,0.212,0.492,0.256,0.4,0.376,0.403,0.308,0.386,0.444,0.205,0.225,0.493,0.396,0.269,0.321,0.236,0.28,0.277,0.299,0.245,0.304,0.236,0.466,0.228,0.479,0.32,0.214,0.303,0.421,0.439,0.364,0.406,0.468,0.216,0.291,0.213,0.258,0.416,0.417,0.464,0.375,0.221,0.477,0.44,0.286,0.363,0.496,0.415,0.452,0.33,0.341,0.368,0.28,0.425,0.351,0.394,0.292,0.241,0.343,0.309,0.437,0.434,0.401,0.24,0.206,0.368,0.29,0.482,0.495,0.286,0.441,0.469,0.379,0.466,0.484,0,0,5.1365,4.6976,10.23,8.8908,15.372,12.723,20.618,16.221,25.907,19.208,31.211,21.662,36.538,23.548,41.9,24.839,47.297,25.499,52.706,25.499,58.102,24.839,63.464,23.549,68.791,21.663,74.095,19.208,79.383,16.222,84.629,12.724,89.771,8.8911,94.864,4.6977,100,0,0,0,0,0,0,0,0,0,0,0,0,0,0,0,0,0,0,0,0,0,0,0,0,0,0,0,0,0,0,0,0,0,0,0,0,0,0,0,0,0,0,0,0,0,1,1,0,1,1,0,1,0,1,1,1,1,1,1,1,1,1,1,0,0,0,0,1,1,0,0,0,1,1,1,1,1,1,1,1,1,0.24261,0.29077,0.2238,0.24283,0.30301,0.18499,0.30196,0.21005,0.2601,0.25352,0.25948,0.2269,0.28528,0.31304,0.19235,0.20933,0.29696,0.2638,0.20515,0.23409,0.2278,0.25562,0.24936,0.26722,0.21689,0.24986,0.21013,0.32312,0.20962,0.33055,0.25603,0.2038,0.21767,0.26708,0.2697,0.24555,0.27779,0.30628,0.18724,0.22868,0.19373,0.21963,0.29257,0.29406,0.283,0.25259,0.17467,0.28974,0.27056,0.20303,0.24302,0.28339,0.26054,0.27386,0.22987,0.23573,0.25427,0.21862,0.2769,0.25022,0.28853,0.24418,0.2082,0.2591,0.21111,0.25932,0.27034,0.25923,0.22625,0.20499,0.2975,0.27126,0.26741,0.27034,0.20345,0.25879,0.25405,0.22451,0.2581,0.26333,1223.3,1223.3,1223.3,1223.3,1223.3,1223.3,1223.3,1223.3,1223.3,1223.3,1223.3,1223.3,1223.3,1223.3,1223.3,1223.3,1223.3,1223.3,1223.3,1223.3,1223.3,1223.3,1223.3,1223.3,1223.3,1223.3,1223.3,1223.3,1223.3,1223.3,1223.3,1223.3,1223.3,1223.3,1223.3,1223.3,1223.3,1223.3,1223.3,1223.3,1223.3,1223.3,1223.3,1223.3,1608.3,1375.8,1223.3,1643.3,2192.9,1223.3,1886.6,1223.3,1258.7,1331.1,1086.9,1102.8,1207.1,1033.7,1324.1,1176.8,2131.6,1778.8,1223.3,1223.3,1223.3,1223.3,2108.4,2016.6,1223.3,1223.3,1223.3,2369.3,1336.1,1352.9,904.52,1248.1,1263.1,1033.8,1263.2,1318,0.92795,0.946,0.9183,0.92537,0.94898,0.88208,0.94919,0.90234,0.9375,0.93351,0.93797,0.91883,0.93523,0.94369,0.87805,0.88889,0.94929,0.93687,0.90706,0.92212,0.89407,0.91071,0.90975,0.91639,0.89796,0.91776,0.89407,0.94635,0.89035,0.94781,0.92188,0.88318,0.91749,0.94062,0.94305,0.93132,0.94505,0.96563,0.88426,0.91409,0.88263,0.9031,0.95562,0.94005,1,1,0.88688,1,1,0.91259,1,0.9496,1,1,1,1,1,1,1,1,1,1,0.89627,0.92711,0.91909,0.94279,1,1,0.89583,0.87864,0.93207,1,1,1,1,1,1,1,1,1
4,20,0.5,10,0,2,2e+06,0,0,100,0,96,72,40,84,13,6,8,16,0.297,0.29,0.203,0.362,0.228,0.244,0.389,0.458,0.493,0.371,0.5,0.366,0.355,0.299,0.329,0.348,0.221,0.467,0.219,0.331,0.448,0.318,0.384,0.446,0.466,0.48,0.257,0.277,0.47,0.378,0.351,0.384,0.446,0.36,0.26,0.336,0.328,0.49,0.386,0.409,0.416,0.304,0.355,0.367,0.247,0.369,0.409,0.328,0.451,0.42,0.308,0.336,0.316,0.433,0.421,0.329,0.408,0.484,0.436,0.412,0.232,0.317,0.377,0.338,0.215,0.268,0.451,0.204,0.459,0.223,0.401,0.35,0.265,0.372,0.236,0.402,0.38,0.216,0.216,0.245,0,0,5.1171,4.6675,10.172,8.835,15.393,12.836,20.66,16.332,25.906,19.283,31.173,21.71,36.505,23.59,41.888,24.853,47.294,25.474,52.703,25.474,58.109,24.853,63.493,23.59,68.824,21.71,74.092,19.282,79.338,16.331,84.606,12.835,89.828,8.8347,94.883,4.6674,100,0,1,1,1,1,1,1,1,1,1,1,1,1,1,1,1,1,1,1,1,1,1,1,1,1,1,1,1,1,1,1,1,1,1,1,1,1,1,1,1,1,1,1,1,1,1,1,1,1,1,1,1,1,1,1,1,1,1,1,1,1,1,1,1,1,1,1,1,1,1,1,1,1,1,1,1,1,1,1,1,1,0.26891,0.25848,0.19843,0.27418,0.21788,0.22004,0.26818,0.2939,0.28209,0.23494,0.26235,0.22062,0.2706,0.23996,0.24088,0.24856,0.21858,0.32264,0.20313,0.25565,0.27652,0.22376,0.23948,0.26025,0.29466,0.29391,0.20143,0.21,0.28203,0.24598,0.23009,0.2419,0.29228,0.25641,0.20954,0.24177,0.22681,0.28102,0.24203,0.25013,0.27361,0.2291,0.24619,0.25109,0.21185,0.26508,0.27731,0.24577,0.27621,0.2672,0.2225,0.23408,0.22704,0.27344,0.26645,0.23307,0.23956,0.26757,0.24986,0.24302,0.20907,0.25374,0.27615,0.26105,0.21412,0.24792,0.32644,0.21151,0.28516,0.19654,0.26819,0.25011,0.22318,0.27739,0.2125,0.28693,0.30293,0.22896,0.22515,0.24296,1230.8,1209.5,983.72,1349.6,993.48,1026.5,1313.5,1477.2,1457.5,1072.6,1354.3,1027.4,1280,1137.7,1170.1,1224.4,1010.4,1572.4,979.12,1232.4,1370,1031.2,1161.3,1309.5,1456.6,1471.7,934.21,987.74,1422.3,1181.2,1087.8,1177.4,1441.9,1234.7,990.45,1162.3,1045.6,1441.5,1164.5,1223.4,1346.2,1087.1,1184.4,1219.4,1011.2,1282.2,1349.9,1174.8,1388.8,1318.6,1036.9,1109.1,1077.6,1359.7,1310.9,1102.3,1151.1,1370.3,1223.3,1165.9,1020.7,1207.8,1326.1,1244.6,1039.5,1162.7,1564.1,1006.3,1444.3,911.62,1300.3,1183.6,1079.6,1335.5,997.16,1393.3,1460.2,1087.1,1060.3,1144.8,1,1,1,1,1,1,1,1,1,1,1,1,1,1,1,1,1,1,1,1,1,1,1,1,1,1,1,1,1,1,1,1,1,1,1,1,1,1,1,1,1,1,1,1,1,1,1,1,1,1,1,1,1,1,1,1,1,1,1,1,1,1,1,1,1,1,1,1,1,1,1,1,1,1,1,1,1,1,1,1
4,20,0.5,10,20,2,2e+06,0,0,100,0,44,17,2,96,43,97,77,0,0.404,0.412,0.394,0.366,0.265,0.432,0.268,0.311,0.468,0.457,0.321,0.295,0.383,0.473,0.473,0.378,0.3,0.456,0.333,0.472,0.209,0.36,0.415,0.253,0.301,0.256,0.296,0.321,0.365,0.214,0.366,0.282,0.272,0.273,0.246,0.487,0.481,0.446,0.419,0.252,0.308,0.256,0.2,0.295,0.41,0.388,0.363,0.332,0.286,0.35,0.429,0.429,0.373,0.425,0.394,0.237,0.351,0.304,0.227,0.244,0.259,0.402,0.329,0.409,0.277,0.202,0.36,0.284,0.484,0.472,0.318,0.207,0.402,0.451,0.492,0.217,0.335,0.375,0.406,0.416,0,0,5.1242,4.6752,10.172,8.8099,15.395,12.824,20.666,16.345,25.917,19.297,31.188,21.715,36.516,23.587,41.894,24.854,47.296,25.486,52.704,25.486,58.106,24.854,63.484,23.587,68.812,21.715,74.083,19.297,79.334,16.345,84.605,12.824,89.828,8.8099,94.876,4.6752,100,0,0,1,0,0,0,0,0,0,0,0,0,0,0,0,0,0,0,1,0,0,0,1,0,0,0,1,0,0,0,1,0,0,0,1,0,0,0,1,0,0,0,1,0,0,0,1,0,0,0,1,0,1,1,0,0,0,1,1,1,1,1,0,0,0,0,1,0,0,0,0,0,0,0,1,0,0,0,1,0,0,0.24301,0.26711,0.25395,0.23593,0.21696,0.30512,0.23165,0.24626,0.27299,0.28263,0.23097,0.21342,0.22693,0.27012,0.27132,0.23164,0.2057,0.28641,0.23103,0.27686,0.18802,0.28732,0.30723,0.21743,0.24306,0.24565,0.25257,0.25872,0.26489,0.21619,0.28737,0.23156,0.21831,0.24405,0.21495,0.32269,0.27242,0.2819,0.26,0.18568,0.26384,0.26487,0.21131,0.25999,0.25444,0.27191,0.24762,0.22603,0.20346,0.25577,0.27158,0.2692,0.25757,0.28629,0.26829,0.18784,0.27574,0.27299,0.22729,0.22398,0.212,0.28068,0.24375,0.26358,0.23885,0.228,0.29422,0.23893,0.28827,0.30572,0.23704,0.16897,0.24703,0.29408,0.29319,0.1657,0.22263,0.26726,0.26361,0.2465,1244.6,3416,1244.6,1244.6,1244.6,1244.6,1244.6,1244.6,1244.6,1244.6,1244.6,1244.6,1244.6,1244.6,1244.6,1244.6,1244.6,3555,1244.6,1244.6,1244.6,3135.2,1244.6,1244.6,1244.6,2444.9,1244.6,1244.6,1244.6,2196.6,1244.6,1244.6,1244.6,2553.9,1244.6,1244.6,1244.6,3533.8,1244.6,1244.6,1244.6,2445.7,1244.6,1244.6,1244.6,3303.4,1244.6,1244.6,1244.6,1984,1244.6,2115.3,3160.1,1244.6,1244.6,1244.6,1313.4,1253,1060.7,1106.9,2429,1244.6,1244.6,1244.6,1244.6,2138.7,1244.6,1244.6,1244.6,1244.6,1244.6,1244.6,1244.6,3548.7,1244.6,1244.6,1244.6,3244.4,1244.6,1244.6,0.93812,1,0.93655,0.93169,0.90566,0.94213,0.90672,0.91961,0.94658,0.9453,0.92212,0.91525,0.93473,0.94715,0.94715,0.93386,0.91667,1,0.92492,0.94703,0.88038,1,0.98099,0.90119,0.91694,1,0.91554,0.92212,0.93151,1,0.98988,0.91135,0.90809,1,0.89837,0.99171,0.96558,1,0.94033,0.90079,0.91883,1,0.875,0.91525,0.93902,1,0.93113,0.9247,0.91259,1,0.94172,1,1,0.94118,0.93655,0.89451,1,1,1,1,1,0.93781,0.92401,0.95393,0.90975,1,0.93056,0.91197,0.94835,0.94703,0.92138,0.87923,0.93781,1,0.94919,0.88479,0.92537,1,0.93842,0.9399
4,20,0.5,10,13,2,2e+06,0,0,100,0,84,59,95,6,59,28,83,19,0.333,0.318,0.448,0.403,0.262,0.295,0.24,0.402,0.371,0.251,0.244,0.343,0.473,0.366,0.209,0.216,0.442,0.335,0.315,0.437,0.309,0.36,0.414,0.462,0.298,0.395,0.493,0.222,0.376,0.324,0.293,0.279,0.428,0.499,0.256,0.435,0.258,0.498,0.441,0.327,0.419,0.35,0.443,0.307,0.222,0.377,0.473,0.258,0.33,0.425,0.211,0.484,0.429,0.368,0.255,0.349,0.355,0.499,0.457,0.489,0.404,0.321,0.481,0.344,0.269,0.319,0.412,0.368,0.427,0.499,0.489,0.361,0.49,0.234,0.215,0.291,0.374,0.359,0.471,0.362,0,0,5.1243,4.6739,10.161,8.788,15.394,12.821,20.674,16.344,25.924,19.283,31.191,21.689,36.52,23.552,41.898,24.808,47.298,25.431,52.702,25.431,58.102,24.808,63.48,23.552,68.809,21.689,74.076,19.283,79.326,16.344,84.606,12.821,89.839,8.788,94.876,4.674,100,0,1,0,0,0,0,0,0,0,1,0,1,0,1,0,1,0,1,0,1,0,1,0,1,0,1,0,1,0,1,0,0,1,1,1,1,1,1,0,0,1,0,1,1,1,1,0,0,1,0,0,1,0,1,0,1,0,0,0,1,0,1,0,1,0,1,0,1,0,1,0,1,1,1,1,1,1,1,1,1,1,0.24531,0.22683,0.26948,0.25838,0.2353,0.25132,0.21452,0.29886,0.29193,0.22102,0.22316,0.26388,0.32859,0.27362,0.20179,0.19599,0.28009,0.22986,0.22437,0.26569,0.22826,0.23871,0.26,0.27303,0.23828,0.26893,0.30583,0.18696,0.28361,0.25022,0.22856,0.23761,0.26169,0.28549,0.19163,0.26119,0.2081,0.29185,0.2652,0.23484,0.26022,0.24378,0.27201,0.22399,0.20768,0.26804,0.30116,0.22311,0.23821,0.27594,0.19072,0.29513,0.28921,0.25368,0.21325,0.24387,0.21829,0.26422,0.25797,0.25952,0.26478,0.21936,0.288,0.22785,0.22714,0.23391,0.28441,0.25454,0.24914,0.26373,0.26556,0.22156,0.33331,0.21466,0.20873,0.24331,0.24857,0.23466,0.2795,0.23727,2656,1210.9,1210.9,1210.9,1210.9,1210.9,1210.9,1210.9,2145.5,1210.9,1664.2,1210.9,2449.4,1210.9,1498.7,1210.9,2267.9,1210.9,1782.7,1210.9,1820.1,1210.9,2170.9,1210.9,1726.1,1210.9,2356,1210.9,2132.3,1210.9,1210.9,1717.2,1257.1,1430.6,866,1262,1767.1,1210.9,1210.9,1944.3,1210.9,1460,1708.4,1344.6,1719.1,1210.9,1210.9,1767.7,1210.9,1210.9,2021.7,1210.9,2283.6,1210.9,1647.1,1210.9,1210.9,1210.9,3438.3,1210.9,1989.7,1210.9,2213.9,1210.9,1716,1210.9,2203.6,1210.9,1559.6,1210.9,1698,1359.1,1611.8,989.79,971.21,1108.2,1172.3,1095.5,1399.1,1122.3,1,0.92138,0.9442,0.93797,0.90458,0.91525,0.89583,0.93781,1,0.9004,1,0.92711,1,0.93169,1,0.88426,1,0.92537,1,0.94279,1,0.93056,1,0.94589,1,0.93671,1,0.88739,1,0.92284,0.91468,1,1,1,1,1,1,0.9498,0.94331,1,0.94033,1,1,1,1,0.93369,0.94715,1,0.92424,0.94118,1,0.94835,1,0.93207,1,0.92837,0.92958,0.95033,1,0.94888,1,0.92212,1,0.92733,1,0.92163,1,0.93207,1,0.99167,1,1,1,1,1,1,1,1,1,1
4,20,0.5,10,0,2,2e+06,0,0,100,0,59,83,29,40,87,62,100,20,0.448,0.403,0.274,0.343,0.32,0.38,0.44,0.231,0.447,0.453,0.306,0.329,0.372,0.41,0.423,0.428,0.317,0.329,0.487,0.372,0.455,0.283,0.387,0.377,0.49,0.225,0.35,0.356,0.227,0.472,0.466,0.332,0.435,0.244,0.386,0.278,0.334,0.454,0.259,0.291,0.345,0.301,0.44,0.497,0.247,0.271,0.411,0.313,0.493,0.492,0.393,0.458,0.32,0.39,0.496,0.368,0.481,0.416,0.345,0.392,0.467,0.259,0.319,0.498,0.321,0.398,0.471,0.499,0.396,0.232,0.21,0.386,0.37,0.489,0.424,0.399,0.357,0.278,0.489,0.362,0,0,5.118,4.6715,10.178,8.8451,15.383,12.836,20.64,16.348,25.895,19.319,31.17,21.761,36.504,23.651,41.887,24.93,47.295,25.565,52.708,25.565,58.115,24.931,63.499,23.652,68.832,21.762,74.107,19.32,79.362,16.348,84.618,12.837,89.823,8.8456,94.882,4.6717,100,0,1,1,1,1,1,1,1,1,1,1,1,1,1,1,1,1,1,1,1,1,1,1,1,1,1,1,1,1,1,1,1,1,1,1,1,1,1,1,1,1,1,1,1,1,1,1,1,1,1,1,1,1,1,1,1,1,1,1,1,1,1,1,1,1,1,1,1,1,1,1,1,1,1,1,1,1,1,1,1,1,0.28362,0.25401,0.21747,0.24491,0.2452,0.25619,0.2936,0.20501,0.27622,0.26497,0.22516,0.23365,0.23992,0.24148,0.25872,0.25988,0.23019,0.22467,0.29295,0.25218,0.2811,0.20721,0.25775,0.25393,0.30342,0.18963,0.25228,0.25467,0.19315,0.28037,0.28787,0.23861,0.29274,0.20594,0.27343,0.22789,0.25378,0.29299,0.21937,0.23385,0.23504,0.21268,0.2671,0.28518,0.22377,0.23068,0.29389,0.25166,0.2637,0.2586,0.22946,0.24823,0.22698,0.24916,0.28483,0.23902,0.27862,0.25328,0.22727,0.24083,0.2857,0.20318,0.22621,0.28491,0.22031,0.24501,0.26585,0.26883,0.29792,0.21893,0.20406,0.27908,0.23898,0.27555,0.25041,0.23507,0.2524,0.21725,0.29158,0.23877,1427,1252.1,1021.6,1153.2,1170.5,1248.8,1454.1,959.93,1383.3,1335.1,1056.9,1089.8,1149,1187.8,1273.8,1275.6,1091.2,1071.9,1493,1202.3,1406.8,982.48,1252.1,1215.5,1527,899.94,1206.3,1207.9,911.36,1396,1433.3,1114.8,1434.2,981.1,1328.6,1080.4,1218.4,1428.8,1065.2,1110.1,1112.8,985.57,1324.2,1448.1,1085,1085.9,1431.2,1201.1,1334.8,1304.5,1068.2,1219.8,1068.3,1187.6,1458.6,1153.9,1408.4,1219,1081.7,1172.1,1417,918.93,1077,1451.4,1007.8,1156.2,1342.5,1387.2,1417.9,1011.8,1008.9,1362.6,1121.2,1396.1,1229.7,1149.3,1200.2,987.02,1490.8,1176.1,1,1,1,1,1,1,1,1,1,1,1,1,1,1,1,1,1,1,1,1,1,1,1,1,1,1,1,1,1,1,1,1,1,1,1,1,1,1,1,1,1,1,1,1,1,1,1,1,1,1,1,1,1,1,1,1,1,1,1,1,1,1,1,1,1,1,1,1,1,1,1,1,1,1,1,1,1,1,1,1
4,20,0.5,10,4,2,2e+06,0,0,100,0,96,44,8,5,63,80,69,34,0.484,0.356,0.487,0.222,0.262,0.433,0.475,0.435,0.288,0.245,0.455,0.436,0.281,0.268,0.296,0.449,0.447,0.371,0.372,0.286,0.41,0.439,0.332,0.334,0.34,0.283,0.403,0.472,0.473,0.424,0.278,0.407,0.239,0.237,0.257,0.243,0.376,0.222,0.447,0.417,0.478,0.348,0.397,0.467,0.362,0.284,0.493,0.21,0.298,0.492,0.309,0.293,0.236,0.475,0.24,0.299,0.47,0.35,0.385,0.375,0.41,0.208,0.358,0.209,0.448,0.302,0.454,0.274,0.375,0.482,0.214,0.216,0.206,0.405,0.38,0.234,0.439,0.385,0.221,0.22,0,0,5.1167,4.6683,10.177,8.8418,15.387,12.836,20.644,16.334,25.892,19.294,31.165,21.73,36.5,23.617,41.885,24.89,47.294,25.52,52.708,25.52,58.117,24.891,63.502,23.619,68.837,21.732,74.11,19.295,79.357,16.335,84.613,12.837,89.823,8.8423,94.884,4.6685,100,0,0,1,0,1,1,0,0,0,0,1,1,1,1,1,1,1,1,1,0,1,1,1,1,1,1,1,1,0,0,1,1,1,1,1,1,1,1,1,1,1,1,1,1,1,1,1,1,1,1,1,1,1,1,1,1,1,1,1,1,1,1,1,1,1,1,1,1,1,1,1,1,1,1,1,1,1,1,1,1,0,0.28965,0.23252,0.28962,0.18822,0.20958,0.24859,0.28127,0.26056,0.22081,0.19814,0.29751,0.28355,0.23805,0.21825,0.24395,0.29974,0.2872,0.24611,0.24873,0.21796,0.26663,0.2654,0.23646,0.23151,0.24373,0.21268,0.26722,0.27637,0.27484,0.26011,0.21079,0.25427,0.24944,0.24442,0.2601,0.24604,0.25749,0.19078,0.28461,0.26711,0.26899,0.22591,0.24446,0.26064,0.26254,0.23172,0.31502,0.19072,0.22952,0.30843,0.23785,0.2242,0.21424,0.32349,0.22065,0.24161,0.27276,0.23867,0.25014,0.23843,0.2987,0.21232,0.28499,0.20399,0.27517,0.23003,0.28636,0.20843,0.27085,0.32444,0.20587,0.19884,0.19772,0.30095,0.2891,0.21222,0.30075,0.29277,0.21462,0.19186,1221.2,2196.6,1221.2,1637.7,2422.6,1221.2,1221.2,1221.2,1221.2,1202.5,1743.6,1654,1080.5,1068.5,1120.3,1459,1739.8,1553.6,1221.2,1287.3,1283.7,1335.1,1093.1,1081.9,1489.6,1371.9,1679.3,1221.2,1221.2,1690.8,1288.8,1601.1,1135.8,1163.8,1184.8,1134.1,1216.1,892.07,1381.7,1289.3,1342,1043.1,1161.4,1297,1236.2,1076.7,1543.5,889.39,1065.2,1542.9,1099.1,1048.5,997.35,1576.7,1015.1,1124.7,1365.2,1111.7,1190.4,1145,1418.7,996.16,1320.3,960.11,1360.8,1056.9,1402.3,964.18,1285.9,1584.3,936.71,924.07,938.71,1430.2,1352.7,990.39,1728.7,1647.5,1178.1,1221.2,0.94835,1,0.94867,1,1,0.94226,0.94737,0.94253,0.91319,1,1,1,1,1,1,1,1,1,0.9328,1,1,1,1,1,1,1,1,0.94703,0.94715,1,1,1,1,1,1,1,1,1,1,1,1,1,1,1,1,1,1,1,1,1,1,1,1,1,1,1,1,1,1,1,1,1,1,1,1,1,1,1,1,1,1,1,1,1,1,1,1,1,1,0.88636
4,20,0.5,10,29,2,2e+06,0,0,100,0,84,84,20,54,88,12,86,90,0.265,0.223,0.342,0.451,0.341,0.324,0.351,0.237,0.239,0.462,0.381,0.279,0.46,0.217,0.337,0.417,0.302,0.32,0.358,0.469,0.434,0.22,0.283,0.314,0.46,0.326,0.272,0.379,0.344,0.47,0.481,0.446,0.413,0.423,0.47,0.219,0.301,0.201,0.449,0.352,0.31,0.268,0.36,0.287,0.22,0.225,0.22,0.323,0.237,0.333,0.47,0.306,0.236,0.371,0.463,0.304,0.212,0.242,0.223,0.422,0.337,0.401,0.41,0.371,0.389,0.464,0.399,0.463,0.34,0.242,0.22,0.414,0.292,0.402,0.396,0.359,0.415,0.351,0.346,0.349,0,0,5.1252,4.6746,10.161,8.7882,15.396,12.819,20.678,16.343,25.93,19.284,31.197,21.69,36.522,23.552,41.898,24.812,47.298,25.437,52.702,25.437,58.102,24.812,63.478,23.553,68.803,21.69,74.07,19.284,79.322,16.343,84.604,12.819,89.839,8.7883,94.875,4.6746,100,0,0,0,0,0,0,0,0,0,0,0,0,0,0,0,0,0,0,0,0,0,0,0,0,0,0,0,0,0,0,0,0,0,0,0,0,0,0,0,0,0,0,0,0,0,0,0,0,0,0,0,0,0,0,0,0,0,0,0,0,0,0,0,0,0,0,0,0,0,0,0,0,0,0,0,0,0,0,0,0,0,0.22986,0.19399,0.26004,0.31611,0.26954,0.24625,0.26653,0.21767,0.20704,0.29747,0.2666,0.2289,0.2975,0.17876,0.2412,0.28254,0.22908,0.22494,0.24716,0.29882,0.31064,0.19634,0.23497,0.25805,0.2948,0.23018,0.21033,0.26469,0.21972,0.26087,0.2616,0.2578,0.27365,0.26399,0.28021,0.18215,0.2438,0.18472,0.302,0.26948,0.26278,0.226,0.26898,0.24224,0.23284,0.23249,0.2265,0.30818,0.20414,0.24865,0.30696,0.24025,0.20101,0.26313,0.2996,0.23626,0.21505,0.23331,0.21387,0.33777,0.23431,0.2605,0.2555,0.2497,0.23808,0.26558,0.23095,0.26539,0.27352,0.22146,0.19681,0.30822,0.22229,0.27168,0.25292,0.25312,0.27232,0.24947,0.23097,0.24724,929.85,929.85,929.85,929.85,929.85,929.85,929.85,929.85,929.85,929.85,929.85,929.85,929.85,929.85,929.85,929.85,929.85,929.85,929.85,929.85,929.85,929.85,929.85,929.85,929.85,929.85,929.85,929.85,929.85,929.85,929.85,929.85,929.85,929.85,929.85,929.85,929.85,929.85,929.85,929.85,929.85,929.85,929.85,929.85,929.85,929.85,929.85,929.85,929.85,929.85,929.85,929.85,929.85,929.85,929.85,929.85,929.85,929.85,929.85,929.85,929.85,929.85,929.85,929.85,929.85,929.85,929.85,929.85,929.85,929.85,929.85,929.85,929.85,929.85,929.85,929.85,929.85,929.85,929.85,929.85,0.90566,0.88789,0.9269,0.94457,0.92669,0.92284,0.92877,0.89451,0.8954,0.9913,0.93438,0.91039,0.94565,0.88479,0.92582,0.94005,0.91722,0.92188,0.93017,0.9467,0.9424,0.88636,0.91166,0.92038,0.94565,0.92331,0.90809,0.93404,0.92733,0.99114,0.94802,0.94395,0.98974,0.96025,0.94681,0.88584,0.91694,0.87562,0.94432,0.92898,0.9899,0.90672,0.93056,0.91289,0.88636,0.88889,0.88636,0.9903,0.89451,0.92492,0.99197,0.9183,0.89407,0.93261,0.99199,0.91776,0.88208,0.89669,0.88789,0.99062,0.92582,0.93766,0.95727,0.93261,0.93573,0.94612,0.93734,0.946,0.94815,0.89669,0.88636,0.95674,0.91438,0.93781,0.93687,0.93036,0.93976,0.92877,0.92775,0.92837
4,20,0.5,10,22,2,2e+06,0,0,100,0,49,87,24,84,82,63,0,38,0.472,0.404,0.314,0.39,0.273,0.371,0.495,0.455,0.285,0.405,0.307,0.497,0.225,0.275,0.444,0.225,0.359,0.44,0.422,0.242,0.331,0.305,0.344,0.376,0.243,0.472,0.392,0.249,0.37,0.48,0.435,0.406,0.34,0.278,0.371,0.274,0.296,0.474,0.466,0.439,0.478,0.253,0.355,0.388,0.474,0.399,0.317,0.422,0.446,0.38,0.225,0.477,0.216,0.358,0.235,0.314,0.444,0.273,0.466,0.414,0.313,0.274,0.276,0.43,0.215,0.406,0.386,0.424,0.494,0.315,0.278,0.464,0.442,0.338,0.227,0.369,0.256,0.36,0.306,0.294,0,0,5.1237,4.6746,10.167,8.8046,15.393,12.824,20.665,16.345,25.916,19.294,31.186,21.71,36.515,23.58,41.894,24.844,47.296,25.472,52.703,25.472,58.106,24.844,63.485,23.58,68.814,21.71,74.084,19.294,79.335,16.345,84.607,12.824,89.833,8.8045,94.876,4.6746,100,0,0,1,0,0,0,0,0,0,0,1,0,0,0,1,0,0,0,1,0,0,0,1,0,0,0,0,0,0,0,0,0,0,0,0,0,0,0,1,0,0,0,1,0,0,0,1,0,0,0,1,0,0,0,1,0,0,0,0,0,0,0,0,1,1,0,0,0,0,0,1,0,0,0,1,0,0,0,1,0,0,0.28045,0.26193,0.22137,0.23624,0.20294,0.241,0.28974,0.26633,0.21431,0.27078,0.22481,0.2901,0.21543,0.2544,0.32473,0.20543,0.2493,0.28792,0.27456,0.18821,0.24652,0.24439,0.25216,0.25693,0.20836,0.30868,0.27753,0.20542,0.23305,0.27092,0.25535,0.24069,0.26187,0.23171,0.28049,0.22593,0.2035,0.27793,0.26408,0.25449,0.29639,0.2101,0.2395,0.25401,0.27909,0.25644,0.21093,0.25354,0.27709,0.26059,0.17749,0.28484,0.2119,0.30265,0.21818,0.26728,0.26684,0.20156,0.27441,0.25719,0.24179,0.22556,0.22931,0.30334,0.18563,0.27602,0.2567,0.28165,0.2882,0.23422,0.19792,0.27965,0.2896,0.26114,0.1871,0.26216,0.22418,0.28964,0.24083,0.24535,1313.2,3209.3,1313.2,1313.2,1313.2,1313.2,1313.2,1313.2,1313.2,3281.1,1313.2,1313.2,1313.2,2455.9,1313.2,1313.2,1313.2,3426.9,1313.2,1313.2,1313.2,2638.2,1313.2,1313.2,1313.2,1313.2,1313.2,1313.2,1313.2,1313.2,1313.2,1313.2,1313.2,1313.2,1313.2,1313.2,1313.2,3517.3,1313.2,1313.2,1313.2,2335.2,1313.2,1313.2,1313.2,3254.6,1313.2,1313.2,1313.2,3147.4,1313.2,1313.2,1313.2,3006.3,1313.2,1313.2,1313.2,1313.2,1313.2,1313.2,1313.2,1313.2,1706.6,2188.7,1313.2,1313.2,1313.2,1313.2,1313.2,2706,1313.2,1313.2,1313.2,2847.8,1313.2,1313.2,1313.2,3016.3,1313.2,1313.2,0.94703,1,0.92038,0.9359,0.90842,0.93261,0.94949,0.98567,0.91228,1,0.91857,0.99167,0.88889,1,0.94369,0.88889,0.93036,1,0.94076,0.89669,0.92447,1,0.92733,0.93351,0.89712,0.94703,0.93622,0.8996,0.93243,0.94792,0.94253,0.93842,0.92647,0.91007,0.97305,0.90876,0.91554,1,0.94635,0.94305,0.99064,1,0.92958,0.93557,0.99033,1,0.92114,0.94076,0.96426,1,0.88889,0.94759,0.88426,1,0.89362,0.92038,0.94369,0.90842,0.99104,0.93961,0.92013,0.90876,1,1,0.88372,0.93842,0.93523,0.94104,0.94939,1,0.91007,0.94612,0.94344,1,0.88987,0.93225,0.90234,1,0.9183,0.91497
4,20,0.5,10,27,2,2e+06,0,0,100,0,51,24,26,76,100,36,76,11,0.379,0.329,0.419,0.278,0.228,0.335,0.392,0.239,0.336,0.396,0.448,0.292,0.321,0.466,0.41,0.272,0.428,0.287,0.283,0.201,0.312,0.331,0.291,0.287,0.272,0.481,0.458,0.319,0.344,0.37,0.347,0.281,0.497,0.255,0.459,0.209,0.299,0.425,0.393,0.25,0.486,0.363,0.275,0.374,0.475,0.469,0.345,0.333,0.293,0.216,0.426,0.239,0.307,0.319,0.466,0.206,0.454,0.286,0.275,0.347,0.419,0.26,0.265,0.493,0.378,0.291,0.491,0.469,0.257,0.2,0.414,0.461,0.235,0.211,0.38,0.381,0.355,0.202,0.407,0.484,0,0,5.1247,4.6745,10.161,8.7883,15.394,12.819,20.675,16.342,25.926,19.283,31.193,21.689,36.52,23.552,41.897,24.812,47.297,25.438,52.703,25.438,58.103,24.812,63.48,23.552,68.807,21.689,74.074,19.283,79.325,16.342,84.606,12.819,89.839,8.7883,94.875,4.6745,100,0,0,0,0,0,0,0,0,0,0,0,0,0,0,0,0,0,0,0,0,0,0,0,0,0,0,0,0,0,0,0,0,0,0,0,0,0,0,0,0,0,0,0,0,0,0,0,0,0,0,0,0,0,0,0,0,0,0,0,0,0,0,0,0,0,0,0,0,0,0,0,0,0,0,0,0,0,0,0,0,0,0.25621,0.24119,0.28556,0.21704,0.2081,0.2696,0.30348,0.21883,0.2319,0.2619,0.28868,0.21752,0.22657,0.28941,0.2749,0.20912,0.30613,0.24677,0.25012,0.19698,0.24809,0.26332,0.24832,0.24026,0.19919,0.29424,0.28324,0.22333,0.24833,0.26963,0.25889,0.22315,0.3106,0.20886,0.29869,0.18185,0.22598,0.29542,0.27386,0.20473,0.29414,0.24913,0.20899,0.24774,0.27149,0.27871,0.22885,0.22095,0.24698,0.21232,0.32243,0.21827,0.23967,0.25523,0.31822,0.18688,0.29761,0.23332,0.21914,0.24992,0.27309,0.21448,0.20715,0.30529,0.23923,0.21453,0.27781,0.26843,0.21412,0.19264,0.28581,0.30743,0.21628,0.21303,0.28603,0.28466,0.24992,0.18665,0.26695,0.29647,931.35,931.35,931.35,931.35,931.35,931.35,931.35,931.35,931.35,931.35,931.35,931.35,931.35,931.35,931.35,931.35,931.35,931.35,931.35,931.35,931.35,931.35,931.35,931.35,931.35,931.35,931.35,931.35,931.35,931.35,931.35,931.35,931.35,931.35,931.35,931.35,931.35,931.35,931.35,931.35,931.35,931.35,931.35,931.35,931.35,931.35,931.35,931.35,931.35,931.35,931.35,931.35,931.35,931.35,931.35,931.35,931.35,931.35,931.35,931.35,931.35,931.35,931.35,931.35,931.35,931.35,931.35,931.35,931.35,931.35,931.35,931.35,931.35,931.35,931.35,931.35,931.35,931.35,931.35,931.35,0.93404,0.92401,0.94033,0.91007,0.89035,0.92537,0.93622,0.8954,0.9256,0.93687,0.9442,0.91438,0.92212,0.94635,0.93902,0.90809,0.94159,0.91289,0.91166,0.87562,0.91987,0.92447,0.91409,0.91289,0.90809,0.99093,0.94541,0.92163,0.92733,0.95465,0.92795,0.91103,0.99228,0.90196,0.94553,0.88038,0.91639,0.99093,0.93639,0.9,0.99211,0.93113,0.90909,0.93316,0.94737,0.9467,0.92754,0.92492,0.91468,0.88426,0.99185,0.8954,0.91857,0.92163,0.99193,0.87864,0.96184,0.91259,0.90909,0.92795,0.94033,0.90385,0.90566,0.99223,0.93386,0.91409,0.94908,0.9467,0.90272,0.875,0.95709,0.99219,0.89362,0.88152,0.93421,0.93438,0.92958,0.87624,0.93857,0.9637
4,20,0.5,10,29,2,2e+06,0,0,100,0,32,11,37,33,34,82,53,52,0.433,0.236,0.388,0.304,0.3,0.372,0.46,0.259,0.402,0.471,0.259,0.289,0.349,0.467,0.35,0.283,0.36,0.372,0.324,0.204,0.411,0.352,0.314,0.219,0.307,0.27,0.261,0.444,0.318,0.216,0.312,0.433,0.249,0.474,0.296,0.299,0.261,0.43,0.221,0.485,0.247,0.286,0.406,0.242,0.354,0.417,0.479,0.42,0.425,0.322,0.272,0.356,0.265,0.453,0.399,0.445,0.438,0.341,0.293,0.406,0.497,0.431,0.449,0.412,0.379,0.426,0.349,0.46,0.22,0.491,0.229,0.364,0.321,0.232,0.417,0.384,0.435,0.37,0.444,0.373,0,0,5.1246,4.6739,10.157,8.781,15.394,12.821,20.678,16.347,25.928,19.283,31.194,21.687,36.522,23.547,41.9,24.8,47.299,25.42,52.701,25.42,58.1,24.8,63.478,23.547,68.806,21.687,74.072,19.283,79.322,16.347,84.606,12.821,89.843,8.781,94.875,4.6739,100,0,0,0,0,0,0,0,0,0,0,0,0,0,0,0,0,0,0,0,0,0,0,0,0,0,0,0,0,0,0,0,0,0,0,0,0,0,0,0,0,0,0,0,0,0,0,0,0,0,0,0,0,0,0,0,0,0,0,0,0,0,0,0,0,0,0,0,0,0,0,0,0,0,0,0,0,0,0,0,0,0,0.28354,0.19895,0.27945,0.23806,0.22479,0.25853,0.30418,0.2125,0.26803,0.29407,0.21342,0.22448,0.2406,0.29033,0.25154,0.21754,0.27574,0.27254,0.25983,0.19188,0.29275,0.25953,0.25066,0.19706,0.24173,0.22363,0.22639,0.30825,0.24561,0.19333,0.25438,0.30667,0.20929,0.31555,0.23957,0.23559,0.20815,0.28848,0.19303,0.31034,0.22187,0.24192,0.31698,0.21924,0.22407,0.24609,0.28204,0.2478,0.28339,0.23928,0.22283,0.2545,0.19789,0.27215,0.26057,0.26939,0.27601,0.23723,0.22366,0.26311,0.26434,0.24268,0.25692,0.23606,0.23959,0.25655,0.23579,0.26808,0.1983,0.32164,0.21072,0.26935,0.24134,0.19808,0.29197,0.2686,0.25808,0.23507,0.2709,0.23595,942.13,942.13,942.13,942.13,942.13,942.13,942.13,942.13,942.13,942.13,942.13,942.13,942.13,942.13,942.13,942.13,942.13,942.13,942.13,942.13,942.13,942.13,942.13,942.13,942.13,942.13,942.13,942.13,942.13,942.13,942.13,942.13,942.13,942.13,942.13,942.13,942.13,942.13,942.13,942.13,942.13,942.13,942.13,942.13,942.13,942.13,942.13,942.13,942.13,942.13,942.13,942.13,942.13,942.13,942.13,942.13,942.13,942.13,942.13,942.13,942.13,942.13,942.13,942.13,942.13,942.13,942.13,942.13,942.13,942.13,942.13,942.13,942.13,942.13,942.13,942.13,942.13,942.13,942.13,942.13,0.94226,0.89407,0.93557,0.91776,0.91667,0.9328,0.94565,0.90347,0.95329,0.94692,0.90347,0.91349,0.92837,0.96165,0.92857,0.91166,0.9918,0.9328,0.92284,0.87745,0.99205,0.92898,0.92038,0.88584,0.91857,0.90741,0.90421,0.96039,0.92138,0.88426,0.94632,0.99183,0.8996,0.99233,0.91554,0.91639,0.90421,0.99197,0.88688,0.99201,0.89879,0.91259,0.99099,0.89669,0.92938,0.94005,0.99041,0.94048,0.94118,0.92236,0.90809,0.92978,0.90566,0.94481,0.93734,0.94382,0.94292,0.92669,0.91468,0.93842,0.9497,0.942,0.94432,0.93932,0.93404,0.94131,0.92837,0.94565,0.88636,0.94908,0.89083,0.93132,0.92212,0.89224,0.94005,0.9349,0.94253,0.93243,0.94369,0.93298
4,20,0.5,10,15,2,2e+06,0,0,100,0,32,99,55,75,85,16,91,10,0.424,0.419,0.415,0.24,0.334,0.353,0.359,0.458,0.403,0.442,0.359,0.487,0.22,0.362,0.284,0.344,0.406,0.262,0.383,0.298,0.465,0.24,0.23,0.488,0.246,0.245,0.246,0.226,0.336,0.401,0.45,0.437,0.414,0.342,0.413,0.488,0.352,0.291,0.437,0.271,0.27,0.339,0.386,0.385,0.236,0.237,0.285,0.421,0.323,0.449,0.481,0.32,0.215,0.371,0.425,0.296,0.348,0.266,0.482,0.345,0.362,0.266,0.228,0.218,0.446,0.432,0.258,0.469,0.405,0.397,0.498,0.21,0.327,0.347,0.375,0.225,0.398,0.215,0.367,0.414,0,0,5.117,4.6665,10.177,8.8411,15.398,12.836,20.661,16.327,25.903,19.277,31.171,21.707,36.505,23.589,41.89,24.854,47.297,25.476,52.708,25.476,58.115,24.855,63.5,23.59,68.832,21.709,74.1,19.278,79.342,16.328,84.604,12.837,89.824,8.8417,94.883,4.6668,100,0,1,0,1,0,1,0,1,0,1,0,1,0,1,0,0,0,1,0,0,0,1,0,0,1,0,0,0,0,0,0,1,0,1,0,0,0,0,0,0,0,0,0,0,1,1,0,1,1,1,0,1,1,0,0,1,1,0,0,1,1,1,0,1,0,0,0,1,0,1,0,1,0,1,0,1,0,1,0,1,0,0.27782,0.26391,0.26977,0.1885,0.24157,0.23622,0.24689,0.27533,0.25052,0.25191,0.23072,0.26685,0.22052,0.27515,0.23686,0.26746,0.29084,0.21251,0.26617,0.23049,0.30527,0.19569,0.18987,0.30917,0.25711,0.25166,0.25129,0.23995,0.2257,0.24558,0.26998,0.25874,0.26178,0.2207,0.24527,0.27225,0.26313,0.22901,0.28932,0.21854,0.21888,0.24795,0.26108,0.27209,0.23237,0.21283,0.24677,0.30803,0.23285,0.26998,0.27611,0.22107,0.19665,0.27483,0.29028,0.23824,0.25181,0.20729,0.29517,0.24573,0.31682,0.24519,0.22898,0.20901,0.27684,0.26303,0.1955,0.26463,0.28131,0.25983,0.29123,0.16764,0.27413,0.26312,0.2717,0.19106,0.2923,0.18817,0.25599,0.26355,2070.9,1243.3,2039.4,1243.3,1902.5,1243.3,2006.1,1243.3,2092.6,1243.3,1932.1,1243.3,2048.4,1243.3,1243.3,1243.3,3129.9,1243.3,1243.3,1243.3,2105.3,1243.3,1243.3,2077.8,1243.3,1243.3,1243.3,1243.3,1243.3,1243.3,3391.2,1243.3,3187.3,1243.3,1243.3,1243.3,1243.3,1243.3,1243.3,1243.3,1243.3,1243.3,1243.3,2897.9,1295.5,1243.3,1391.5,1689.8,1365.3,1243.3,1747.5,1379.7,1243.3,1243.3,2196.9,1747,1243.3,1243.3,2250.8,1821.3,2116.5,1243.3,1619,1243.3,1243.3,1243.3,2190.9,1243.3,1965.9,1243.3,2198.9,1243.3,1870.4,1243.3,2044.8,1243.3,2072.8,1243.3,1948.7,1243.3,1,0.94033,1,0.89583,1,0.92918,1,0.94541,1,0.94344,1,0.94867,1,0.93094,0.91197,0.92733,1,0.90458,0.93473,0.91611,1,0.89583,0.8913,1,0.89837,0.89796,0.89837,0.88938,0.9256,0.93766,1,0.94279,1,0.9269,0.93947,0.94877,0.92898,0.91409,0.94279,0.90775,0.90741,0.94886,0.93523,1,1,0.89451,1,1,1,0.99068,1,1,0.88372,0.99063,1,1,0.92816,0.90602,1,1,1,0.90602,1,0.88532,0.94395,0.94213,1,0.9467,1,0.93703,1,0.88095,1,0.92795,1,0.88889,1,0.88372,1,0.93961
4,20,0.5,10,21,2,2e+06,0,0,100,0,41,96,75,99,23,9,38,50,0.371,0.493,0.348,0.32,0.499,0.278,0.4,0.49,0.402,0.29,0.359,0.2,0.466,0.321,0.29,0.486,0.338,0.286,0.225,0.375,0.246,0.222,0.374,0.286,0.308,0.418,0.458,0.304,0.489,0.487,0.262,0.431,0.385,0.476,0.381,0.411,0.423,0.315,0.275,0.211,0.342,0.394,0.283,0.355,0.273,0.289,0.395,0.468,0.459,0.263,0.32,0.467,0.277,0.491,0.386,0.249,0.448,0.397,0.364,0.275,0.212,0.27,0.308,0.39,0.496,0.262,0.427,0.466,0.342,0.247,0.444,0.343,0.235,0.463,0.391,0.229,0.473,0.21,0.211,0.497,0,0,5.1174,4.6655,10.165,8.8243,15.401,12.836,20.679,16.331,25.921,19.272,31.181,21.691,36.51,23.563,41.893,24.817,47.296,25.429,52.701,25.429,58.105,24.817,63.488,23.563,68.817,21.69,74.077,19.271,79.32,16.33,84.598,12.835,89.834,8.824,94.882,4.6654,100,0,1,0,0,0,0,1,0,0,1,1,0,0,0,0,0,0,0,0,0,0,0,1,0,0,0,0,0,0,0,0,0,0,0,0,0,0,0,0,0,0,1,1,0,0,1,1,0,0,0,1,0,0,0,0,0,0,1,1,0,0,1,1,0,0,0,1,0,0,1,1,0,0,1,1,0,0,0,1,0,0,0.25896,0.29959,0.22289,0.21855,0.28339,0.21541,0.2323,0.2689,0.302,0.25707,0.25841,0.18252,0.28491,0.23289,0.20206,0.28014,0.27093,0.24933,0.19968,0.28007,0.23053,0.23488,0.29198,0.24261,0.22675,0.27583,0.28142,0.21599,0.28068,0.28346,0.18515,0.25071,0.24387,0.27909,0.23309,0.24394,0.31022,0.2625,0.23138,0.1959,0.25914,0.28175,0.21424,0.24486,0.22341,0.23127,0.25612,0.2892,0.28239,0.2141,0.22098,0.28253,0.2228,0.31237,0.26362,0.20121,0.28892,0.26924,0.24005,0.20179,0.21849,0.24829,0.24826,0.28496,0.28277,0.20299,0.25078,0.26346,0.26056,0.2158,0.28186,0.24177,0.21912,0.31513,0.2702,0.19555,0.30835,0.20116,0.18314,0.30735,3016.7,1323.1,1323.1,1323.1,1323.1,2579,1323.1,1323.1,2132.3,1816.9,1323.1,1323.1,1323.1,1323.1,1323.1,1323.1,1323.1,1323.1,1323.1,1323.1,1323.1,2244.4,1323.1,1323.1,1323.1,1323.1,1323.1,1323.1,1323.1,1323.1,1323.1,1323.1,1323.1,1323.1,1323.1,1323.1,1323.1,1323.1,1323.1,1323.1,1927.3,2093.3,1323.1,1323.1,1856.4,1924.7,1323.1,1323.1,1323.1,2478.9,1323.1,1323.1,1323.1,1323.1,1323.1,1323.1,2106.7,2012.6,1323.1,1323.1,1703.6,1926.8,1323.1,1323.1,1323.1,2475.8,1323.1,1323.1,2066.2,1756.7,1323.1,1323.1,1629.9,2318.7,1323.1,1323.1,1323.1,2184.4,1323.1,1323.1,1,0.94929,0.92816,0.92188,0.9499,1,0.9375,0.94898,1,1,0.94906,0.875,0.94635,0.92212,0.91379,0.94856,0.92604,0.91259,0.88889,0.95448,0.89837,1,0.99204,0.91259,0.91883,0.94019,0.99185,0.91776,0.94888,0.94867,0.90458,0.942,0.93506,0.94748,0.93438,0.93917,0.9409,0.92063,0.90909,0.88152,1,1,0.91166,0.92958,1,1,0.93671,0.99162,0.94553,1,0.92188,0.99141,0.90975,0.94908,0.93523,0.8996,1,1,0.93132,0.90909,1,1,0.91883,0.9359,0.9496,1,0.94145,0.94635,1,1,0.94369,0.92711,1,1,0.93606,0.89083,0.94715,1,0.88152,0.9497
4,20,0.5,10,17,2,2e+06,0,0,100,0,17,51,55,16,49,54,20,62,0.207,0.295,0.36,0.298,0.381,0.308,0.24,0.475,0.392,0.398,0.403,0.424,0.453,0.355,0.245,0.314,0.447,0.251,0.299,0.49,0.442,0.266,0.5,0.219,0.328,0.321,0.32,0.233,0.327,0.384,0.497,0.266,0.306,0.28,0.287,0.256,0.206,0.335,0.273,0.461,0.359,0.475,0.493,0.376,0.235,0.478,0.378,0.465,0.327,0.382,0.221,0.478,0.393,0.231,0.41,0.319,0.225,0.264,0.274,0.268,0.411,0.426,0.364,0.366,0.389,0.496,0.39,0.38,0.473,0.371,0.3,0.488,0.332,0.381,0.416,0.404,0.264,0.224,0.282,0.461,0,0,5.1161,4.6671,10.181,8.8496,15.394,12.833,20.646,16.317,25.887,19.27,31.158,21.704,36.493,23.59,41.88,24.86,47.291,25.487,52.706,25.487,58.117,24.859,63.504,23.588,68.839,21.703,74.11,19.268,79.352,16.316,84.605,12.832,89.818,8.8489,94.884,4.6669,100,0,1,0,0,0,1,0,0,0,1,0,0,0,0,0,0,0,0,0,0,0,0,0,0,0,1,0,0,0,1,0,0,1,0,0,0,1,0,0,0,1,1,0,1,1,1,0,0,0,0,1,0,0,1,0,0,1,1,0,0,1,0,0,1,1,1,1,1,1,1,1,0,0,0,0,0,1,1,0,0,1,0.21401,0.24887,0.28479,0.25233,0.27037,0.22988,0.20019,0.29955,0.25065,0.24436,0.24936,0.25563,0.29607,0.25656,0.20713,0.24024,0.28055,0.19814,0.22281,0.2985,0.28702,0.21108,0.31295,0.18895,0.27269,0.25635,0.25786,0.21311,0.23823,0.24901,0.29909,0.21367,0.25977,0.24342,0.24883,0.24798,0.19226,0.2556,0.22737,0.32477,0.2313,0.2574,0.27293,0.23837,0.19599,0.28279,0.24238,0.27884,0.24161,0.26795,0.18679,0.30364,0.28239,0.19107,0.27407,0.25248,0.24154,0.24107,0.2503,0.26709,0.25617,0.25163,0.24256,0.24964,0.24593,0.26975,0.24065,0.24367,0.28165,0.23532,0.20366,0.27937,0.23156,0.23956,0.25843,0.27046,0.24167,0.19644,0.23241,0.32948,2048.3,1281.6,1281.6,1281.6,3008.8,1281.6,1281.6,1281.6,3081.4,1281.6,1281.6,1281.6,1281.6,1281.6,1281.6,1281.6,1281.6,1281.6,1281.6,1281.6,1281.6,1281.6,1281.6,1281.6,2665.6,1281.6,1281.6,1281.6,1988.4,1281.6,1281.6,1768,1281.6,1281.6,1281.6,2257.3,1281.6,1281.6,1281.6,3446.2,1416.1,1281.6,1697.8,1456.2,2172.2,1281.6,1281.6,1281.6,1281.6,2938.1,1281.6,1281.6,2109.3,1281.6,1281.6,1846.8,1715.1,1281.6,1281.6,1848.7,1281.6,1281.6,1942,2018.3,1161.8,1388.6,1133.1,1143,2271.3,1845.9,1281.6,1281.6,1281.6,1281.6,1281.6,3170.5,1658.4,1281.6,1281.6,2339.3,1,0.91525,0.93056,0.91611,1,0.91883,0.89583,0.94737,1,0.93719,0.93797,0.94104,0.94481,0.92958,0.89796,0.92038,0.94407,0.9004,0.91639,0.94898,0.94344,0.90602,0.96379,0.88584,1,0.92212,0.92188,0.8927,1,0.9349,0.99174,1,0.9183,0.91071,0.91289,1,0.87864,0.92537,0.90842,1,1,0.94737,1,1,1,0.99038,0.93386,0.94624,0.92355,1,0.88688,0.9477,1,0.89177,0.93902,1,1,0.9053,0.90876,1,0.93917,0.94131,1,1,1,1,1,1,1,1,0.91667,0.94877,0.9247,0.93438,0.9399,1,1,0.88839,0.91135,1
4,20,0.5,10,29,2,2e+06,0,0,100,0,48,67,96,8,80,59,92,10,0.288,0.215,0.351,0.431,0.285,0.267,0.299,0.336,0.421,0.353,0.315,0.472,0.49,0.389,0.239,0.386,0.315,0.498,0.286,0.412,0.361,0.258,0.407,0.215,0.255,0.213,0.466,0.452,0.235,0.323,0.236,0.372,0.485,0.277,0.497,0.305,0.262,0.4,0.492,0.387,0.219,0.312,0.25,0.269,0.215,0.471,0.438,0.312,0.45,0.426,0.387,0.318,0.308,0.226,0.302,0.365,0.338,0.394,0.354,0.445,0.229,0.339,0.377,0.256,0.384,0.215,0.373,0.453,0.35,0.332,0.244,0.208,0.427,0.439,0.288,0.234,0.312,0.449,0.453,0.4,0,0,5.1253,4.6741,10.158,8.7792,15.396,12.817,20.682,16.341,25.934,19.276,31.199,21.676,36.524,23.534,41.9,24.789,47.298,25.412,52.702,25.412,58.1,24.789,63.476,23.534,68.801,21.676,74.066,19.276,79.318,16.341,84.604,12.817,89.842,8.7793,94.875,4.6741,100,0,0,0,0,0,0,0,0,0,0,0,0,0,0,0,0,0,0,0,0,0,0,0,0,0,0,0,0,0,0,0,0,0,0,0,0,0,0,0,0,0,0,0,0,0,0,0,0,0,0,0,0,0,0,0,0,0,0,0,0,0,0,0,0,0,0,0,0,0,0,0,0,0,0,0,0,0,0,0,0,0,0.2338,0.19817,0.26784,0.30019,0.24151,0.23579,0.25294,0.26976,0.25942,0.23766,0.22204,0.28088,0.29149,0.25902,0.19269,0.25679,0.22306,0.29783,0.21366,0.26545,0.27608,0.22629,0.29647,0.20116,0.20878,0.18985,0.30329,0.29807,0.21825,0.26912,0.22103,0.2916,0.2898,0.2049,0.28892,0.21639,0.19802,0.25782,0.29232,0.25184,0.22363,0.27911,0.24313,0.25412,0.18392,0.29517,0.29064,0.23027,0.27747,0.25952,0.24573,0.21728,0.25675,0.20909,0.25145,0.28272,0.23428,0.25105,0.23794,0.27673,0.21504,0.26523,0.29652,0.22321,0.26799,0.18106,0.25882,0.29214,0.29026,0.2796,0.22863,0.20151,0.29181,0.28981,0.22576,0.19262,0.22246,0.26265,0.27133,0.24356,939.74,939.74,939.74,939.74,939.74,939.74,939.74,939.74,939.74,939.74,939.74,939.74,939.74,939.74,939.74,939.74,939.74,939.74,939.74,939.74,939.74,939.74,939.74,939.74,939.74,939.74,939.74,939.74,939.74,939.74,939.74,939.74,939.74,939.74,939.74,939.74,939.74,939.74,939.74,939.74,939.74,939.74,939.74,939.74,939.74,939.74,939.74,939.74,939.74,939.74,939.74,939.74,939.74,939.74,939.74,939.74,939.74,939.74,939.74,939.74,939.74,939.74,939.74,939.74,939.74,939.74,939.74,939.74,939.74,939.74,939.74,939.74,939.74,939.74,939.74,939.74,939.74,939.74,939.74,939.74,0.91319,0.88372,0.92877,0.942,0.91228,0.90637,0.91639,0.9256,0.94062,0.92918,0.92063,0.94703,0.94898,0.93573,0.8954,0.93523,0.92063,0.9498,0.91259,0.93932,0.9536,0.9031,0.93857,0.88372,0.90196,0.88263,0.94635,0.94469,0.89362,0.9226,0.89407,0.9328,0.99132,0.90975,0.9497,0.91803,0.90458,0.9375,0.96343,0.9354,0.88584,0.91987,0.9,0.90706,0.88372,0.94692,0.9914,0.91987,0.99102,0.94131,0.9354,0.92138,0.91883,0.88938,0.91722,0.95147,0.92604,0.93655,0.92938,0.99171,0.89083,0.92625,0.99141,0.90234,0.9349,0.88372,0.93298,0.99206,0.92857,0.9919,0.89754,0.87981,0.94145,0.99205,0.91319,0.89316,0.91987,0.95808,0.94481,0.9375
4,20,0.5,10,0,2,2e+06,0,0,100,0,45,34,84,99,63,18,12,58,0.298,0.28,0.365,0.254,0.404,0.216,0.21,0.286,0.223,0.471,0.454,0.319,0.25,0.329,0.325,0.419,0.322,0.486,0.474,0.486,0.304,0.287,0.466,0.263,0.239,0.356,0.472,0.321,0.264,0.223,0.48,0.381,0.313,0.4,0.438,0.3,0.408,0.261,0.488,0.414,0.25,0.333,0.39,0.479,0.359,0.388,0.404,0.477,0.246,0.322,0.294,0.408,0.468,0.347,0.442,0.298,0.365,0.317,0.469,0.403,0.449,0.233,0.284,0.431,0.265,0.21,0.331,0.481,0.278,0.371,0.308,0.208,0.35,0.448,0.277,0.213,0.274,0.398,0.299,0.398,0,0,5.1155,4.6654,10.175,8.8383,15.394,12.836,20.654,16.324,25.893,19.272,31.162,21.703,36.498,23.585,41.885,24.848,47.294,25.468,52.705,25.468,58.114,24.848,63.502,23.585,68.837,21.703,74.106,19.272,79.346,16.324,84.605,12.835,89.825,8.8382,94.884,4.6654,100,0,1,1,1,1,1,1,1,1,1,1,1,1,1,1,1,1,1,1,1,1,1,1,1,1,1,1,1,1,1,1,1,1,1,1,1,1,1,1,1,1,1,1,1,1,1,1,1,1,1,1,1,1,1,1,1,1,1,1,1,1,1,1,1,1,1,1,1,1,1,1,1,1,1,1,1,1,1,1,1,1,0.24474,0.25441,0.27628,0.22457,0.30378,0.23122,0.21322,0.25178,0.18688,0.30377,0.28005,0.22931,0.21006,0.26276,0.24532,0.28186,0.20548,0.27676,0.25706,0.2607,0.23541,0.24402,0.30092,0.21964,0.20011,0.26646,0.29433,0.23911,0.21648,0.20995,0.30368,0.26989,0.22614,0.2748,0.27384,0.22522,0.25227,0.20827,0.27938,0.26007,0.20036,0.24788,0.25674,0.29502,0.22891,0.25135,0.24396,0.27578,0.2135,0.26009,0.23468,0.29173,0.27374,0.24262,0.26326,0.22038,0.23811,0.23005,0.27103,0.26081,0.28533,0.20679,0.21838,0.28951,0.22339,0.20457,0.24898,0.32305,0.24116,0.29399,0.25085,0.214,0.26028,0.30944,0.22411,0.20617,0.21816,0.27816,0.22412,0.27956,1150.1,1164.7,1353.6,1100.3,1430.2,1054.3,1048.1,1215.4,845.43,1515.2,1396.6,1083.3,989.33,1212.6,1194.9,1400.9,888.98,1415.6,1287.2,1318.8,1106.6,1115.6,1513.8,1060.8,934.98,1239.5,1490.8,1147.9,1009.4,958.05,1530.4,1305.3,1064.6,1310.2,1378.6,1073.4,1218.1,932.62,1435.1,1267.9,928.87,1146.5,1268.6,1483.7,1078,1187.1,1205.1,1397.7,1005.4,1212.2,1156.5,1410.5,1372.7,1127.1,1331.3,1019.2,1131.5,1060.8,1395.5,1262.8,1394.9,950.62,1065,1407.1,1034,948.11,1217.8,1592.8,1124.5,1381.4,1240.1,1014.2,1219.7,1509.7,1103.8,960.77,1013.1,1343.6,1103.4,1354.2,1,1,1,1,1,1,1,1,1,1,1,1,1,1,1,1,1,1,1,1,1,1,1,1,1,1,1,1,1,1,1,1,1,1,1,1,1,1,1,1,1,1,1,1,1,1,1,1,1,1,1,1,1,1,1,1,1,1,1,1,1,1,1,1,1,1,1,1,1,1,1,1,1,1,1,1,1,1,1,1
4,20,0.5,10,17,2,2e+06,0,0,100,0,73,77,76,85,77,98,11,40,0.348,0.277,0.211,0.493,0.418,0.244,0.244,0.412,0.314,0.222,0.323,0.243,0.44,0.48,0.201,0.395,0.404,0.276,0.453,0.288,0.208,0.228,0.44,0.414,0.435,0.387,0.448,0.21,0.322,0.275,0.344,0.465,0.284,0.38,0.207,0.246,0.451,0.258,0.449,0.301,0.402,0.215,0.421,0.35,0.483,0.287,0.313,0.234,0.49,0.33,0.225,0.415,0.352,0.298,0.426,0.451,0.276,0.36,0.33,0.247,0.38,0.482,0.232,0.47,0.365,0.328,0.245,0.274,0.334,0.36,0.306,0.432,0.465,0.42,0.322,0.381,0.392,0.238,0.349,0.293,0,0,5.1238,4.675,10.175,8.8174,15.395,12.825,20.661,16.342,25.912,19.295,31.183,21.717,36.513,23.592,41.892,24.861,47.295,25.494,52.705,25.494,58.108,24.861,63.487,23.592,68.817,21.717,74.088,19.295,79.339,16.342,84.605,12.825,89.825,8.8174,94.876,4.675,100,0,0,1,0,1,0,0,0,1,0,1,0,1,0,0,0,0,0,0,0,0,0,0,0,1,0,1,0,1,0,0,0,0,0,0,0,1,0,1,0,1,0,1,0,1,0,0,1,0,1,0,0,1,1,1,0,0,0,1,0,1,0,1,0,0,0,1,0,1,0,1,0,0,0,1,0,1,0,1,0,1,0.25873,0.23965,0.19452,0.3071,0.29099,0.21259,0.21492,0.2815,0.26556,0.23151,0.27513,0.2278,0.27887,0.29572,0.17706,0.24836,0.27238,0.21871,0.29686,0.21204,0.19298,0.20621,0.30957,0.29123,0.27176,0.26542,0.28204,0.18077,0.23883,0.21892,0.25363,0.28862,0.2506,0.30085,0.21043,0.23812,0.27881,0.21087,0.28618,0.22414,0.26544,0.19594,0.2864,0.25222,0.31674,0.2286,0.25559,0.19907,0.3022,0.23421,0.18778,0.27581,0.2419,0.2223,0.26556,0.27024,0.22891,0.28178,0.26048,0.22884,0.24408,0.29133,0.18485,0.27974,0.27104,0.2677,0.21748,0.24377,0.23545,0.25814,0.22808,0.27832,0.2673,0.26238,0.2195,0.25082,0.27455,0.21762,0.26134,0.24649,1259.4,1692.1,1259.4,2329.5,1259.4,1259.4,1259.4,3253.6,1259.4,1752.8,1259.4,1820.5,1259.4,1259.4,1259.4,1259.4,1259.4,1259.4,1259.4,1259.4,1259.4,1259.4,1259.4,3261.3,1259.4,2196.8,1259.4,1618.6,1259.4,1259.4,1259.4,1259.4,1259.4,1259.4,1259.4,2276.1,1259.4,1802.3,1259.4,1951.4,1259.4,1653.7,1259.4,2111.8,1259.4,1259.4,2606,1259.4,2140.1,1259.4,1259.4,2011.1,2046.8,1856.2,1259.4,1259.4,1259.4,2095.6,1259.4,1731.3,1259.4,3504.8,1259.4,1259.4,1259.4,1998,1259.4,1823.9,1259.4,2956.7,1259.4,1259.4,1259.4,2097,1259.4,1989.6,1259.4,1755.7,1259.4,1949.8,0.92816,1,0.88152,1,0.94019,0.89754,0.89754,1,0.92038,1,0.9226,1,0.94318,0.94792,0.87562,0.93671,0.93812,0.90942,0.94481,0.91319,0.87981,0.89035,0.94318,1,0.94253,1,0.9442,1,0.92236,0.90909,0.92733,0.94624,0.91197,0.93421,0.87923,1,0.96064,1,0.9749,1,0.93781,1,0.98971,1,0.99122,0.91289,1,0.89316,1,0.92424,0.88889,1,1,1,0.94131,0.94457,0.90942,1,0.92424,1,0.93421,1,0.89224,0.94681,0.93151,1,0.89796,1,0.92515,1,0.9183,0.94213,0.94624,1,0.92236,1,0.93622,1,0.92837,1
4,20,0.5,10,27,2,2e+06,0,0,100,0,76,57,65,80,22,86,91,29,0.418,0.302,0.282,0.251,0.399,0.361,0.449,0.28,0.253,0.329,0.343,0.436,0.239,0.215,0.388,0.208,0.24,0.409,0.355,0.363,0.443,0.438,0.351,0.283,0.236,0.466,0.492,0.483,0.392,0.227,0.222,0.254,0.209,0.418,0.243,0.391,0.437,0.37,0.313,0.447,0.291,0.296,0.436,0.351,0.278,0.42,0.249,0.477,0.266,0.225,0.222,0.431,0.446,0.422,0.428,0.489,0.34,0.436,0.327,0.484,0.2,0.495,0.371,0.304,0.367,0.29,0.247,0.4,0.405,0.438,0.304,0.275,0.303,0.298,0.479,0.427,0.286,0.382,0.43,0.454,0,0,5.1241,4.6746,10.168,8.8021,15.394,12.823,20.668,16.343,25.918,19.29,31.188,21.704,36.517,23.573,41.895,24.836,47.297,25.464,52.703,25.464,58.105,24.836,63.483,23.573,68.812,21.704,74.082,19.29,79.332,16.343,84.606,12.823,89.832,8.8021,94.876,4.6746,100,0,0,0,0,0,0,0,0,0,0,0,0,0,0,0,0,0,0,0,0,0,0,0,0,0,0,0,0,0,0,0,0,0,0,0,0,0,0,0,0,0,0,0,0,0,0,0,0,0,0,0,0,0,0,0,0,0,0,0,0,0,0,0,0,0,0,0,0,0,0,0,0,0,0,0,0,0,0,0,0,0,0.29803,0.24784,0.23433,0.2198,0.26131,0.24837,0.27863,0.21169,0.2097,0.24805,0.25124,0.29102,0.23565,0.22259,0.32518,0.21658,0.20199,0.28114,0.25649,0.26038,0.27435,0.27509,0.24001,0.21055,0.1771,0.26949,0.28011,0.2733,0.31794,0.22359,0.22069,0.23778,0.19328,0.3069,0.21595,0.28387,0.27073,0.24172,0.22043,0.26712,0.22287,0.22847,0.29922,0.24943,0.21362,0.28613,0.20603,0.29422,0.23737,0.21778,0.22002,0.32483,0.24869,0.24301,0.25029,0.25801,0.2255,0.26687,0.23037,0.27726,0.1787,0.31908,0.27376,0.22846,0.26426,0.23481,0.21884,0.28209,0.26758,0.28706,0.23772,0.20764,0.21749,0.22094,0.30079,0.26078,0.20609,0.2517,0.27759,0.26462,926.34,926.34,926.34,926.34,926.34,926.34,926.34,926.34,926.34,926.34,926.34,926.34,926.34,926.34,926.34,926.34,926.34,926.34,926.34,926.34,926.34,926.34,926.34,926.34,926.34,926.34,926.34,926.34,926.34,926.34,926.34,926.34,926.34,926.34,926.34,926.34,926.34,926.34,926.34,926.34,926.34,926.34,926.34,926.34,926.34,926.34,926.34,926.34,926.34,926.34,926.34,926.34,926.34,926.34,926.34,926.34,926.34,926.34,926.34,926.34,926.34,926.34,926.34,926.34,926.34,926.34,926.34,926.34,926.34,926.34,926.34,926.34,926.34,926.34,926.34,926.34,926.34,926.34,926.34,926.34,0.94019,0.91722,0.91135,0.9004,0.93734,0.93075,0.94432,0.91071,0.90119,0.92401,0.92711,0.94266,0.8954,0.88372,0.99038,0.87981,0.89583,0.93888,0.92958,0.93113,0.94357,0.94292,0.92877,0.91166,0.89407,0.94635,0.96531,0.94824,0.99134,0.88987,0.88739,0.90157,0.88038,0.99086,0.89712,0.93606,0.99105,0.93243,0.92013,0.94407,0.91409,0.91554,0.99036,0.92877,0.91007,0.99077,0.8996,0.94759,0.90602,0.88889,0.88739,0.99215,0.96033,0.94076,0.94159,0.94888,0.92647,0.94266,0.92355,0.96209,0.875,0.96505,0.93261,0.91776,0.93188,0.91379,0.89879,0.99183,0.93827,0.94292,0.91776,0.90909,0.91749,0.91611,0.94781,0.94145,0.91259,0.93455,0.94186,0.94493
4,20,0.5,10,4,2,2e+06,0,0,100,0,55,36,70,11,0,60,66,58,0.473,0.391,0.358,0.278,0.215,0.42,0.249,0.284,0.278,0.364,0.362,0.437,0.461,0.437,0.491,0.254,0.48,0.213,0.272,0.202,0.402,0.472,0.372,0.246,0.351,0.37,0.256,0.297,0.415,0.366,0.242,0.314,0.319,0.373,0.205,0.373,0.48,0.232,0.42,0.492,0.383,0.416,0.291,0.338,0.214,0.315,0.308,0.286,0.445,0.335,0.442,0.437,0.285,0.22,0.216,0.391,0.327,0.472,0.325,0.246,0.362,0.482,0.398,0.318,0.277,0.455,0.484,0.313,0.22,0.254,0.373,0.255,0.287,0.338,0.304,0.295,0.338,0.271,0.208,0.398,0,0,5.116,4.6673,10.178,8.843,15.389,12.835,20.643,16.328,25.887,19.284,31.159,21.72,36.496,23.608,41.883,24.879,47.293,25.507,52.708,25.507,58.118,24.879,63.505,23.608,68.841,21.72,74.114,19.284,79.358,16.328,84.612,12.835,89.822,8.843,94.884,4.6673,100,0,1,1,1,1,0,0,1,0,0,0,1,1,1,1,1,0,0,0,0,0,1,1,0,1,0,1,1,1,1,1,1,1,1,1,1,1,1,1,1,1,1,1,1,1,1,1,1,1,1,1,1,1,1,1,1,1,1,1,1,1,1,1,1,1,1,1,0,1,1,1,1,1,1,1,1,1,1,1,1,1,0.28416,0.25705,0.24216,0.21662,0.2048,0.30919,0.23725,0.24875,0.20883,0.24745,0.25479,0.28893,0.26959,0.26373,0.28008,0.1866,0.34029,0.21006,0.2442,0.20546,0.26249,0.2894,0.24466,0.20346,0.25405,0.2749,0.22571,0.24534,0.28039,0.26359,0.21214,0.24387,0.24952,0.27417,0.20027,0.27604,0.27356,0.18359,0.26194,0.2809,0.25738,0.27065,0.22904,0.24294,0.21249,0.2641,0.27095,0.25246,0.25672,0.21912,0.26744,0.25672,0.25207,0.21756,0.227,0.30337,0.2421,0.29512,0.25421,0.20857,0.23729,0.2757,0.26419,0.22282,0.20911,0.2722,0.29279,0.2259,0.21831,0.23279,0.3097,0.2392,0.23835,0.25626,0.2611,0.24429,0.26434,0.22892,0.21469,0.29206,1418.4,1238.6,1154.9,978.26,1213,1213,2330,1213,1213,1213,1945.8,2222.2,1552.6,1514.7,1625.1,1213,1213,1213,1213,1213,1587.1,1781.6,1213,1200.9,1213,1665.6,1339.3,1451.9,1354.1,1262.5,980.57,1136.1,1165.5,1309.2,933.53,1304.5,1357.5,823.58,1243,1394.4,1242.6,1324.9,1047,1145.3,1011.2,1244.8,1230,1176.8,1264.9,1019.8,1289.7,1254.4,1165.8,1042.2,1030,1422,1137.7,1473.5,1155.7,975.78,1131.6,1395.2,1243.3,1032.5,1311.6,1796,1213,1419.7,1026.4,1111.7,1410.7,1112.4,1120.2,1243.9,1185,1150,1237.7,1097.6,968.51,1394.1,1,1,1,1,0.88372,0.94048,1,0.91197,0.91007,0.93132,1,1,1,1,1,0.90157,0.94792,0.88263,0.90809,0.87624,1,1,0.9328,1,0.92877,1,1,1,1,1,1,1,1,1,1,1,1,1,1,1,1,1,1,1,1,1,1,1,1,1,1,1,1,1,1,1,1,1,1,1,1,1,1,1,1,1,0.94835,1,1,1,1,1,1,1,1,1,1,1,1,1
4,20,0.5,10,7,2,2e+06,0,0,100,0,37,40,44,68,46,96,35,34,0.469,0.364,0.425,0.237,0.336,0.222,0.399,0.411,0.476,0.398,0.407,0.456,0.34,0.338,0.442,0.448,0.257,0.207,0.217,0.243,0.251,0.388,0.208,0.342,0.404,0.234,0.271,0.287,0.251,0.297,0.441,0.29,0.433,0.366,0.366,0.419,0.432,0.471,0.241,0.439,0.257,0.208,0.238,0.24,0.238,0.481,0.282,0.483,0.392,0.462,0.31,0.271,0.256,0.364,0.276,0.292,0.204,0.376,0.489,0.455,0.202,0.39,0.308,0.234,0.362,0.325,0.355,0.466,0.244,0.33,0.217,0.314,0.417,0.228,0.4,0.289,0.38,0.245,0.331,0.203,0,0,5.117,4.6688,10.174,8.8386,15.387,12.832,20.647,16.329,25.895,19.285,31.165,21.718,36.498,23.603,41.883,24.873,47.292,25.501,52.705,25.501,58.114,24.873,63.499,23.602,68.833,21.717,74.104,19.284,79.351,16.328,84.612,12.831,89.826,8.8382,94.883,4.6686,100,0,1,0,0,1,0,0,0,1,0,0,0,0,0,0,0,1,1,1,1,1,1,1,1,1,1,1,1,1,1,1,1,1,0,0,1,1,1,1,1,1,1,1,1,1,1,0,1,0,1,1,1,1,1,1,1,1,1,1,0,1,1,1,1,1,1,1,1,0,1,1,1,1,1,1,1,1,1,1,1,1,0.28549,0.24486,0.27527,0.19438,0.24244,0.19311,0.28274,0.28171,0.25948,0.23939,0.24921,0.25193,0.22416,0.22875,0.27545,0.27164,0.26116,0.23677,0.24975,0.25232,0.22571,0.29349,0.21342,0.26738,0.29272,0.22026,0.24552,0.24149,0.21606,0.24155,0.30866,0.23374,0.25536,0.23494,0.25088,0.25882,0.26131,0.27835,0.19695,0.26339,0.259,0.23358,0.25828,0.24913,0.19851,0.28891,0.22699,0.28558,0.26068,0.28934,0.23781,0.21217,0.22777,0.28058,0.24672,0.24494,0.17781,0.25317,0.29137,0.27766,0.20592,0.30058,0.27017,0.22333,0.24412,0.23305,0.25068,0.27216,0.23146,0.27734,0.22524,0.26597,0.28138,0.20421,0.28502,0.22939,0.2889,0.22984,0.27739,0.20387,2425.5,1206.2,1206.2,1582.2,1206.2,1206.2,1206.2,3304.9,1206.2,1206.2,1206.2,1206.2,1206.2,1206.2,1206.2,3554.7,1191.7,1069.3,1106.4,1166.1,1056.1,1356.8,970.25,1257.1,1392.3,1008.5,1104.6,1136.3,1014.4,1102.8,1453.5,1101.5,1206.2,1206.2,1957.6,2160,1263.2,1351.8,870.24,1280,1183,1062.8,1144.3,1151.1,1719.5,1206.2,1887.2,1206.2,1246.9,1403.1,1079.3,993.46,1067.9,1303,1118.4,1151.2,1134.9,1565.7,1206.2,1784.7,974.5,1387.9,1213.1,1047.5,1537.1,1424.3,1529.1,1206.2,1079.8,1263.7,1026.1,1241.5,1355.1,929.77,1341.1,1071.6,1362.4,1043.7,1261.4,968.84,1,0.93132,0.94118,1,0.9256,0.88739,0.93734,1,0.94748,0.93719,0.93857,0.94518,0.92647,0.92604,0.94344,1,1,1,1,1,1,1,1,1,1,1,1,1,1,1,1,1,0.94226,0.93169,1,1,1,1,1,1,1,1,1,1,1,0.94802,1,0.94824,1,1,1,1,1,1,1,1,1,1,0.94888,1,1,1,1,1,1,1,1,0.94635,1,1,1,1,1,1,1,1,1,1,1,1
4,20,0.5,10,12,2,2e+06,0,0,100,0,63,19,78,87,33,13,77,32,0.275,0.26,0.22,0.366,0.321,0.425,0.346,0.315,0.218,0.264,0.363,0.323,0.471,0.216,0.333,0.361,0.24,0.362,0.458,0.259,0.246,0.218,0.398,0.205,0.287,0.493,0.43,0.273,0.405,0.241,0.389,0.457,0.47,0.304,0.346,0.404,0.411,0.338,0.309,0.284,0.222,0.333,0.249,0.32,0.477,0.353,0.475,0.227,0.498,0.229,0.294,0.436,0.381,0.34,0.289,0.24,0.288,0.25,0.295,0.233,0.45,0.492,0.265,0.412,0.211,0.385,0.401,0.211,0.201,0.242,0.459,0.283,0.36,0.357,0.37,0.3,0.324,0.324,0.496,0.217,0,0,5.1442,4.706,10.293,8.9799,15.384,12.759,20.606,16.237,25.902,19.234,31.233,21.674,36.575,23.543,41.932,24.81,47.308,25.452,52.692,25.452,58.068,24.81,63.425,23.543,68.767,21.674,74.098,19.234,79.395,16.237,84.616,12.759,89.707,8.9799,94.856,4.706,100,0,0,1,0,1,0,1,1,0,0,0,1,1,0,0,0,1,0,1,1,1,0,1,0,1,0,0,0,1,0,0,1,0,0,0,1,0,0,1,1,0,0,1,1,0,0,0,1,1,0,1,1,0,0,1,1,1,0,1,1,1,1,1,1,1,1,1,0,1,1,1,0,1,0,1,1,1,0,1,0,1,0.23919,0.25744,0.20277,0.30059,0.22965,0.29495,0.24431,0.23109,0.20296,0.24048,0.28195,0.27462,0.29779,0.19557,0.2377,0.26893,0.19909,0.27872,0.29815,0.22404,0.2309,0.23996,0.30478,0.22436,0.21107,0.30416,0.26628,0.21848,0.2595,0.19788,0.26122,0.28141,0.27832,0.22373,0.24128,0.25667,0.27345,0.26425,0.2418,0.2205,0.20855,0.29028,0.23865,0.26251,0.27856,0.24232,0.28854,0.19058,0.29825,0.20335,0.22707,0.27134,0.26875,0.27249,0.24265,0.21611,0.24804,0.25118,0.26879,0.23199,0.26274,0.28773,0.19944,0.25009,0.20556,0.29967,0.28939,0.20538,0.20258,0.23499,0.31766,0.24477,0.24359,0.26411,0.26357,0.22873,0.23537,0.25786,0.31021,0.19657,1276.5,1740,1276.5,2127.7,1276.5,2237.8,1890.4,1276.5,1276.5,1276.5,2048.7,1911.6,1276.5,1276.5,1276.5,2975.8,1276.5,1555.3,1759.6,1259.7,1276.5,1725.7,1276.5,1660,1276.5,1276.5,1276.5,2424.7,1276.5,1276.5,3143.8,1276.5,1276.5,1276.5,2866.5,1276.5,1276.5,2014.8,1879.5,1276.5,1276.5,2049,1712.4,1276.5,1276.5,1276.5,2429.4,1555.8,1276.5,1704.4,1925,1276.5,1276.5,1631.1,1469.9,1335.9,1276.5,1438.3,1549.3,1374.6,1283.7,1449.5,902.47,1222.4,1269.8,1819.1,1276.5,1297.9,1295.2,1458.3,1276.5,1556.6,1276.5,1572.2,1586.2,1390.6,1276.5,2056.2,1276.5,1628.5,0.90909,1,0.88636,1,0.92212,1,1,0.92063,0.88532,0.9053,1,1,0.94692,0.88426,0.92492,1,0.89583,1,1,1,0.89837,1,0.93719,1,0.91289,0.94929,0.94186,1,0.93827,0.89627,1,0.9453,0.94681,0.91776,1,0.93812,0.93917,1,1,0.91197,0.88739,1,1,0.92188,0.94759,0.92918,1,1,0.98291,1,1,0.94266,0.93438,1,1,1,0.91319,1,1,1,1,1,1,1,1,1,0.93766,1,1,1,0.94553,1,0.93056,1,1,1,0.92284,1,0.9496,1
4,20,0.5,10,30,2,2e+06,0,0,100,0,81,74,57,0,72,45,66,76,0.442,0.208,0.434,0.37,0.222,0.275,0.24,0.369,0.362,0.22,0.497,0.275,0.294,0.29,0.212,0.358,0.277,0.323,0.485,0.476,0.236,0.378,0.308,0.416,0.357,0.278,0.348,0.457,0.418,0.259,0.247,0.311,0.459,0.406,0.39,0.242,0.223,0.463,0.326,0.346,0.338,0.355,0.281,0.269,0.47,0.473,0.381,0.309,0.38,0.401,0.469,0.226,0.362,0.328,0.385,0.368,0.267,0.231,0.203,0.217,0.297,0.434,0.3,0.386,0.498,0.395,0.362,0.269,0.422,0.467,0.458,0.379,0.397,0.475,0.33,0.287,0.39,0.288,0.387,0.214,0,0,5.126,4.6745,10.152,8.7685,15.395,12.815,20.689,16.347,25.943,19.281,31.207,21.677,36.529,23.531,41.903,24.784,47.3,25.405,52.701,25.405,58.097,24.784,63.471,23.532,68.794,21.677,74.057,19.281,79.311,16.347,84.605,12.815,89.848,8.7686,94.874,4.6746,100,0,0,0,0,0,0,0,0,0,0,0,0,0,0,0,0,0,0,0,0,0,0,0,0,0,0,0,0,0,0,0,0,0,0,0,0,0,0,0,0,0,0,0,0,0,0,0,0,0,0,0,0,0,0,0,0,0,0,0,0,0,0,0,0,0,0,0,0,0,0,0,0,0,0,0,0,0,0,0,0,0,0.289,0.17363,0.27916,0.25821,0.22453,0.24334,0.22963,0.30251,0.26893,0.18911,0.31599,0.22597,0.25904,0.24564,0.20645,0.28887,0.20912,0.22006,0.28472,0.2861,0.20726,0.2655,0.23797,0.28927,0.25188,0.20921,0.24216,0.29675,0.30565,0.22229,0.21748,0.25458,0.28746,0.26014,0.25797,0.19444,0.19456,0.30277,0.24003,0.26263,0.26679,0.26843,0.23329,0.23149,0.27705,0.27215,0.23729,0.21351,0.25804,0.26075,0.29331,0.1879,0.25042,0.23096,0.26248,0.25615,0.28781,0.24496,0.22583,0.2414,0.22636,0.28527,0.22261,0.26576,0.30281,0.25172,0.23962,0.20584,0.24989,0.25802,0.25628,0.2358,0.26432,0.28529,0.23134,0.21905,0.28729,0.23213,0.2796,0.20098,936.29,936.29,936.29,936.29,936.29,936.29,936.29,936.29,936.29,936.29,936.29,936.29,936.29,936.29,936.29,936.29,936.29,936.29,936.29,936.29,936.29,936.29,936.29,936.29,936.29,936.29,936.29,936.29,936.29,936.29,936.29,936.29,936.29,936.29,936.29,936.29,936.29,936.29,936.29,936.29,936.29,936.29,936.29,936.29,936.29,936.29,936.29,936.29,936.29,936.29,936.29,936.29,936.29,936.29,936.29,936.29,936.29,936.29,936.29,936.29,936.29,936.29,936.29,936.29,936.29,936.29,936.29,936.29,936.29,936.29,936.29,936.29,936.29,936.29,936.29,936.29,936.29,936.29,936.29,936.29,0.94344,0.87981,0.9424,0.93243,0.88739,0.90909,0.89583,0.93225,0.93094,0.88636,0.9497,0.90909,0.91497,0.91379,0.88208,0.93017,0.90975,0.9226,0.94845,0.94748,0.89407,0.93386,0.91883,0.9399,0.92997,0.91007,0.92816,0.9905,0.94019,0.90347,0.89879,0.91961,0.94553,0.93842,0.9541,0.89669,0.88789,0.99192,0.92331,0.99048,0.92604,0.92958,0.91103,0.90706,0.96184,0.9627,0.93438,0.91909,0.93421,0.93766,0.99188,0.88938,0.93094,0.92378,0.99145,0.95281,0.99081,0.89177,0.87685,0.88479,0.91582,0.99167,0.91667,0.93523,0.99074,0.93671,0.93094,0.90706,0.94076,0.94647,0.94541,0.93404,0.93703,0.94737,0.92424,0.91289,0.9359,0.91319,0.9354,0.88318
4,20,0.5,10,0,2,2e+06,0,0,100,0,63,53,38,88,30,40,52,6,0.269,0.235,0.229,0.467,0.21,0.452,0.352,0.234,0.347,0.38,0.227,0.494,0.396,0.338,0.459,0.279,0.448,0.299,0.483,0.273,0.488,0.353,0.369,0.499,0.432,0.294,0.217,0.213,0.444,0.324,0.315,0.357,0.468,0.322,0.381,0.228,0.301,0.243,0.273,0.314,0.281,0.264,0.39,0.44,0.262,0.469,0.424,0.361,0.491,0.37,0.265,0.458,0.459,0.294,0.298,0.452,0.348,0.215,0.434,0.328,0.284,0.3,0.31,0.439,0.211,0.418,0.462,0.286,0.397,0.269,0.387,0.222,0.49,0.383,0.315,0.209,0.458,0.381,0.455,0.351,0,0,5.1405,4.7019,10.267,8.9436,15.379,12.745,20.612,16.235,25.904,19.233,31.222,21.689,36.556,23.574,41.916,24.856,47.301,25.508,52.698,25.508,58.084,24.856,63.443,23.574,68.778,21.689,74.095,19.232,79.387,16.235,84.621,12.745,89.733,8.9434,94.859,4.7018,100,0,1,1,1,1,1,1,1,1,1,1,1,1,1,1,1,1,1,1,1,1,1,1,1,1,1,1,1,1,1,1,1,1,1,1,1,1,1,1,1,1,1,1,1,1,1,1,1,1,1,1,1,1,1,1,1,1,1,1,1,1,1,1,1,1,1,1,1,1,1,1,1,1,1,1,1,1,1,1,1,1,0.24129,0.22712,0.21364,0.31795,0.20517,0.31796,0.26502,0.21185,0.24864,0.26551,0.19076,0.29509,0.26358,0.24544,0.27874,0.21223,0.27955,0.22737,0.2848,0.20829,0.27122,0.23094,0.22754,0.2703,0.31629,0.26075,0.21218,0.21078,0.28162,0.24175,0.22971,0.24692,0.29573,0.24619,0.26145,0.19662,0.25829,0.23554,0.24338,0.26278,0.22372,0.22255,0.26809,0.28564,0.203,0.28952,0.26592,0.24156,0.28127,0.24869,0.20064,0.2694,0.2786,0.22566,0.2209,0.27484,0.25642,0.20408,0.2929,0.2466,0.2272,0.244,0.24156,0.28725,0.18996,0.28947,0.29771,0.22286,0.28105,0.23653,0.28126,0.20115,0.30112,0.27429,0.23951,0.18508,0.26274,0.24799,0.26605,0.22321,1134.3,1046.3,1029.3,1547.1,978.75,1522.6,1263.6,1005.2,1172.8,1251.8,905.21,1488.6,1281.7,1141.6,1401.3,997.46,1381.8,1039.8,1439,969.05,1374.5,1050.3,1076.6,1379.4,1516.4,1195.9,1026.2,1005.1,1400.7,1126.5,1098.4,1186.3,1471.4,1140.1,1264.1,927.68,1238,1099.1,1161.9,1235,1074.4,1029.6,1297,1396,958.46,1422.7,1299.9,1152.4,1430.4,1160.3,920.86,1337.2,1398.7,1032.5,1033.2,1363.5,1237.8,948.1,1426.2,1172.3,1100.9,1128.6,1142.5,1414.8,914.61,1375.3,1462.5,1050.8,1375.5,1086.9,1345.4,967.82,1526.6,1289.6,1115.9,876.5,1327.8,1166.9,1331.8,1046.3,1,1,1,1,1,1,1,1,1,1,1,1,1,1,1,1,1,1,1,1,1,1,1,1,1,1,1,1,1,1,1,1,1,1,1,1,1,1,1,1,1,1,1,1,1,1,1,1,1,1,1,1,1,1,1,1,1,1,1,1,1,1,1,1,1,1,1,1,1,1,1,1,1,1,1,1,1,1,1,1
4,20,0.5,10,3,2,2e+06,0,0,100,0,80,66,52,33,94,24,51,74,0.276,0.454,0.361,0.473,0.305,0.481,0.479,0.376,0.23,0.31,0.283,0.28,0.268,0.2,0.468,0.336,0.374,0.294,0.499,0.496,0.49,0.4,0.418,0.3,0.357,0.282,0.416,0.434,0.224,0.266,0.261,0.387,0.418,0.451,0.205,0.26,0.341,0.313,0.302,0.219,0.429,0.321,0.402,0.365,0.215,0.292,0.49,0.48,0.313,0.385,0.369,0.449,0.488,0.222,0.467,0.369,0.258,0.266,0.412,0.379,0.376,0.491,0.375,0.23,0.25,0.23,0.244,0.402,0.392,0.312,0.249,0.317,0.44,0.32,0.427,0.288,0.392,0.466,0.263,0.344,0,0,5.118,4.6706,10.178,8.8447,15.386,12.832,20.643,16.334,25.893,19.299,31.168,21.738,36.501,23.627,41.886,24.904,47.295,25.538,52.709,25.539,58.118,24.905,63.502,23.628,68.836,21.739,74.109,19.3,79.359,16.335,84.616,12.833,89.823,8.8453,94.882,4.6709,100,0,1,1,1,1,1,1,1,1,1,1,1,1,1,0,1,1,1,1,0,1,0,1,1,0,0,0,0,0,1,1,1,1,1,1,1,1,1,1,1,0,1,1,1,1,1,1,1,1,1,1,1,1,1,1,1,1,1,1,1,1,1,1,1,1,1,1,1,1,1,1,1,1,1,1,1,1,1,1,1,1,0.21099,0.26604,0.243,0.27997,0.2167,0.26717,0.27632,0.23981,0.23006,0.26034,0.25664,0.25296,0.23641,0.17903,0.32018,0.26438,0.24201,0.20363,0.27489,0.27947,0.28043,0.24883,0.26353,0.20721,0.24743,0.20737,0.2701,0.2751,0.22246,0.23715,0.24142,0.29896,0.28995,0.29404,0.19448,0.22153,0.27867,0.25896,0.2593,0.20307,0.26998,0.22447,0.2588,0.24675,0.18884,0.21925,0.29606,0.29586,0.22656,0.24951,0.24554,0.27839,0.28899,0.18336,0.27808,0.24957,0.22084,0.22123,0.28142,0.27651,0.25688,0.29389,0.25101,0.19823,0.23665,0.22307,0.22752,0.31276,0.28328,0.24668,0.2137,0.25634,0.2788,0.23108,0.26534,0.22478,0.26242,0.2858,0.20263,0.24915,928.56,1336.4,1141,1421.1,952.13,1364.6,1407.6,1126.3,1072.9,1237.7,1187.6,1168.5,1292.2,1216.6,1826.6,1450,1520.1,1285,1216.6,1811.6,1216.6,2073.2,2166.7,1216.6,1216.6,1216.6,1216.6,1216.6,1039.3,1119.6,1116.2,1403.8,1383.4,1438.1,907.68,1011.7,1563.6,1474.9,1456.9,1216.6,1317.4,1054.8,1253.8,1169.7,856.96,1008.5,1469.4,1450.9,1046.4,1206.4,1178.4,1364.2,1436.6,830.09,1377.7,1162.3,1027.1,1037,1368.6,1302.2,1218.9,1469.1,1209,885.87,1097.5,1048.2,1081.1,1449.4,1359.3,1160.7,1027.1,1173.4,1372.1,1078.5,1322.7,1010.8,1262.3,1426.6,953.81,1142.1,1,1,1,1,1,1,1,1,1,1,1,1,1,0.875,1,1,1,1,0.9499,1,0.94898,1,1,0.91667,0.92997,0.91135,0.9399,0.9424,1,1,1,1,1,1,1,1,1,1,1,0.88584,1,1,1,1,1,1,1,1,1,1,1,1,1,1,1,1,1,1,1,1,1,1,1,1,1,1,1,1,1,1,1,1,1,1,1,1,1,1,1,1
4,20,0.5,10,24,2,2e+06,0,0,100,0,28,66,60,66,31,33,19,10,0.286,0.306,0.361,0.498,0.208,0.413,0.472,0.46,0.235,0.487,0.332,0.463,0.46,0.306,0.389,0.46,0.206,0.223,0.313,0.244,0.21,0.435,0.298,0.446,0.252,0.403,0.463,0.427,0.269,0.308,0.309,0.28,0.301,0.226,0.335,0.336,0.208,0.391,0.217,0.25,0.406,0.366,0.201,0.286,0.313,0.244,0.222,0.338,0.311,0.448,0.361,0.446,0.338,0.204,0.201,0.25,0.31,0.416,0.247,0.283,0.394,0.286,0.296,0.246,0.316,0.469,0.467,0.318,0.403,0.275,0.485,0.388,0.262,0.233,0.37,0.282,0.221,0.247,0.214,0.404,0,0,5.1259,4.6749,10.159,8.7806,15.396,12.815,20.682,16.341,25.936,19.279,31.201,21.68,36.525,23.538,41.899,24.796,47.298,25.421,52.702,25.421,58.1,24.796,63.475,23.538,68.799,21.68,74.064,19.279,79.317,16.341,84.604,12.815,89.841,8.7806,94.874,4.6749,100,0,0,0,0,0,0,0,0,0,0,0,0,0,0,0,0,0,0,0,0,0,0,0,0,0,0,0,0,0,0,0,0,0,0,0,0,0,0,1,0,0,0,1,0,0,0,0,0,0,0,0,0,0,0,0,0,0,0,0,0,0,0,0,0,0,0,0,0,0,0,0,0,0,0,0,0,0,0,0,0,0,0.21973,0.23315,0.24651,0.30061,0.17525,0.27059,0.28095,0.2732,0.19052,0.29974,0.22984,0.27991,0.27369,0.21789,0.24249,0.26593,0.22367,0.23807,0.29567,0.24259,0.18587,0.29215,0.22625,0.29573,0.19451,0.2602,0.2825,0.26279,0.23981,0.26155,0.25629,0.24236,0.261,0.20984,0.26502,0.26414,0.21543,0.32773,0.21747,0.23936,0.29902,0.28224,0.18558,0.23316,0.27124,0.23104,0.21585,0.28187,0.22059,0.27113,0.237,0.27128,0.30883,0.221,0.21791,0.25226,0.25024,0.30151,0.21369,0.23455,0.29564,0.2398,0.24438,0.22018,0.22389,0.27759,0.27655,0.22196,0.26073,0.20314,0.28465,0.25147,0.24123,0.21971,0.29059,0.24846,0.22615,0.23712,0.21673,0.32001,1366.8,1366.8,1366.8,1366.8,1366.8,1366.8,1366.8,1366.8,1366.8,1366.8,1366.8,1366.8,1366.8,1366.8,1366.8,1366.8,1366.8,1366.8,1366.8,1366.8,1366.8,1366.8,1366.8,1366.8,1366.8,1366.8,1366.8,1366.8,1366.8,1366.8,1366.8,1366.8,1366.8,1366.8,1366.8,1366.8,1366.8,3170.7,1366.8,1366.8,1366.8,2726.1,1366.8,1366.8,1366.8,1366.8,1366.8,1366.8,1366.8,1366.8,1366.8,1366.8,1366.8,1366.8,1366.8,1366.8,1366.8,1366.8,1366.8,1366.8,1366.8,1366.8,1366.8,1366.8,1366.8,1366.8,1366.8,1366.8,1366.8,1366.8,1366.8,1366.8,1366.8,1366.8,1366.8,1366.8,1366.8,1366.8,1366.8,1366.8,0.91259,0.9183,0.93075,0.992,0.87981,0.93947,0.94703,0.94565,0.89362,0.94867,0.9247,0.96224,0.94565,0.9183,0.93573,0.94565,0.87864,0.88789,0.99197,0.89754,0.88095,0.94253,0.91611,0.99208,0.90079,0.93797,0.9919,0.94145,0.90706,0.91883,0.91909,0.91071,0.99086,0.88938,0.94406,0.9256,0.87981,1,0.88479,0.9,0.99127,1,0.87562,0.91259,0.92013,0.89754,0.88739,0.92604,0.91961,0.9442,0.93075,0.94395,0.94466,0.87745,0.87562,0.9,0.91935,0.98642,0.89879,0.91166,0.93655,0.91259,0.91554,0.89837,0.92089,0.9467,0.94647,0.92138,0.93797,0.90909,0.94845,0.93557,0.90458,0.8927,0.93243,0.91135,0.88688,0.89879,0.88318,0.93812
4,20,0.5,10,27,2,2e+06,0,0,100,0,20,49,3,83,26,68,80,68,0.395,0.271,0.343,0.481,0.272,0.262,0.282,0.433,0.299,0.381,0.255,0.226,0.292,0.269,0.473,0.482,0.209,0.378,0.213,0.327,0.356,0.452,0.388,0.276,0.472,0.43,0.369,0.47,0.31,0.301,0.386,0.226,0.313,0.256,0.443,0.417,0.403,0.475,0.447,0.365,0.204,0.228,0.354,0.486,0.453,0.481,0.492,0.312,0.296,0.435,0.263,0.488,0.48,0.31,0.303,0.408,0.415,0.44,0.378,0.229,0.368,0.212,0.428,0.398,0.38,0.268,0.414,0.418,0.303,0.209,0.453,0.431,0.353,0.412,0.438,0.299,0.475,0.373,0.286,0.28,0,0,5.1248,4.6743,10.15,8.769,15.391,12.818,20.681,16.352,25.934,19.287,31.199,21.686,36.525,23.542,41.901,24.795,47.299,25.414,52.701,25.414,58.099,24.795,63.475,23.542,68.801,21.686,74.066,19.287,79.319,16.352,84.609,12.818,89.85,8.769,94.875,4.6743,100,0,0,0,0,0,0,0,0,0,0,0,0,0,0,0,0,0,0,0,0,0,0,0,0,0,0,0,0,0,0,0,0,0,0,0,0,0,0,0,0,0,0,0,0,0,0,0,0,0,0,0,0,0,0,0,0,0,0,0,0,0,0,0,0,0,0,0,0,0,0,0,0,0,0,0,0,0,0,0,0,0,0.25381,0.20856,0.23793,0.2997,0.22538,0.22716,0.23478,0.31269,0.24908,0.3006,0.23005,0.22027,0.21066,0.20686,0.28555,0.29693,0.20277,0.31044,0.20843,0.27836,0.24143,0.29129,0.2548,0.21248,0.26243,0.25012,0.22398,0.26347,0.25467,0.24785,0.29092,0.20656,0.22712,0.20769,0.29004,0.27515,0.23992,0.27314,0.25741,0.22953,0.18903,0.20979,0.27071,0.33046,0.25436,0.2724,0.26901,0.20424,0.21671,0.28202,0.20307,0.29821,0.28755,0.22963,0.22026,0.26256,0.2694,0.2883,0.25662,0.18569,0.25824,0.19114,0.28418,0.26643,0.25398,0.21325,0.26892,0.26384,0.23198,0.19129,0.29641,0.28032,0.24036,0.27218,0.27479,0.21266,0.29802,0.26715,0.22219,0.21264,935.72,935.72,935.72,935.72,935.72,935.72,935.72,935.72,935.72,935.72,935.72,935.72,935.72,935.72,935.72,935.72,935.72,935.72,935.72,935.72,935.72,935.72,935.72,935.72,935.72,935.72,935.72,935.72,935.72,935.72,935.72,935.72,935.72,935.72,935.72,935.72,935.72,935.72,935.72,935.72,935.72,935.72,935.72,935.72,935.72,935.72,935.72,935.72,935.72,935.72,935.72,935.72,935.72,935.72,935.72,935.72,935.72,935.72,935.72,935.72,935.72,935.72,935.72,935.72,935.72,935.72,935.72,935.72,935.72,935.72,935.72,935.72,935.72,935.72,935.72,935.72,935.72,935.72,935.72,935.72,0.93671,0.90775,0.92711,0.94802,0.90809,0.90458,0.91135,0.94226,0.91639,0.95541,0.90196,0.88938,0.91438,0.90706,0.94715,0.94813,0.88038,0.99045,0.88263,0.92355,0.94901,0.99026,0.93557,0.90942,0.9913,0.94186,0.93225,0.94681,0.99116,0.91694,0.99123,0.88938,0.92013,0.90234,0.99121,0.94005,0.93797,0.94737,0.94407,0.93151,0.87745,0.89035,0.94995,0.99152,0.94481,0.94802,0.94919,0.91987,0.91554,0.94253,0.90494,0.99126,0.94792,0.91935,0.91749,0.95928,0.93976,0.94318,0.93386,0.89083,0.93207,0.88208,0.94159,0.93719,0.93421,0.90672,0.93961,0.94019,0.91749,0.88038,0.94481,0.942,0.92918,0.93932,0.94292,0.91639,0.94737,0.93298,0.91259,0.91071
4,20,0.5,10,3,2,2e+06,0,0,100,0,51,19,60,20,41,86,43,93,0.312,0.41,0.377,0.23,0.324,0.478,0.216,0.315,0.272,0.268,0.307,0.478,0.351,0.441,0.305,0.338,0.486,0.24,0.221,0.412,0.48,0.232,0.396,0.243,0.408,0.388,0.213,0.44,0.496,0.331,0.303,0.214,0.267,0.374,0.381,0.276,0.396,0.218,0.483,0.227,0.3,0.395,0.351,0.359,0.314,0.431,0.285,0.395,0.477,0.299,0.444,0.437,0.237,0.247,0.324,0.406,0.397,0.404,0.202,0.238,0.429,0.453,0.424,0.484,0.476,0.267,0.353,0.437,0.357,0.385,0.368,0.42,0.219,0.348,0.269,0.301,0.366,0.423,0.324,0.352,0,0,5.1161,4.6672,10.186,8.8562,15.393,12.843,20.641,16.335,25.882,19.296,31.157,21.74,36.496,23.631,41.885,24.9,47.294,25.524,52.706,25.524,58.115,24.9,63.504,23.631,68.844,21.74,74.118,19.296,79.359,16.335,84.607,12.843,89.814,8.8562,94.884,4.6672,100,0,0,1,0,0,0,1,1,1,1,1,1,1,1,1,1,1,1,0,0,1,1,0,1,0,0,0,1,1,1,1,1,1,1,1,1,1,1,1,1,1,1,1,1,1,1,1,1,1,1,1,1,1,1,1,1,1,1,1,1,1,1,1,1,1,1,1,1,1,1,1,1,1,0,1,1,1,1,1,1,1,0.23431,0.28796,0.27335,0.20437,0.23487,0.30713,0.20434,0.25365,0.2201,0.21999,0.24495,0.31495,0.24216,0.27684,0.23276,0.24825,0.31066,0.19865,0.19469,0.29599,0.30919,0.19473,0.28778,0.2083,0.25986,0.25339,0.19422,0.29253,0.30848,0.24725,0.24272,0.20156,0.22066,0.26689,0.27818,0.23427,0.27488,0.19745,0.3174,0.21028,0.22477,0.26209,0.25413,0.25901,0.2293,0.27332,0.22547,0.27191,0.26569,0.20449,0.26527,0.26455,0.21405,0.21844,0.26527,0.30223,0.28459,0.28633,0.20416,0.22492,0.23864,0.24487,0.2481,0.26839,0.27671,0.19953,0.24579,0.27798,0.2347,0.24332,0.25083,0.27116,0.20053,0.27574,0.25313,0.2706,0.24404,0.26267,0.24043,0.25285,1138.2,3196.6,1138.2,1138.2,1138.2,1860.2,1202.3,1466.8,1012.8,1015.4,1126.4,1575.5,1144.9,1376.6,1077.6,1160.1,2235.1,1138.2,1138.2,2070.2,2251.1,1138.2,2021.1,1138.2,1138.2,1138.2,1581.3,2422.8,1534.5,1149.4,1113.4,931.13,1025.8,1278.8,1320.8,1086,1299.5,916.44,1546.4,962.55,1046.8,1275.2,1195.4,1228.8,1066.4,1347.1,1037.4,1302.7,1340.4,914.9,1294.7,1285.6,998.31,1029,1224.6,1433.8,1347.4,1369.2,946.94,1031,1149.1,1208.4,1178.9,1358,1396.8,908.72,1131.7,1361,1114.1,1179.8,1180.6,1323.4,1138.2,1566.3,1401.3,1499.1,1172.8,1308.3,1109.5,1185,0.91987,1,0.93369,0.8913,0.92284,1,1,1,1,1,1,1,1,1,1,1,1,0.89583,0.88688,1,1,0.89224,1,0.89712,0.93873,0.93557,1,1,1,1,1,1,1,1,1,1,1,1,1,1,1,1,1,1,1,1,1,1,1,1,1,1,1,1,1,1,1,1,1,1,1,1,1,1,1,1,1,1,1,1,1,1,0.88584,1,1,1,1,1,1,1
4,20,0.5,10,5,2,2e+06,0,0,100,0,43,42,22,50,4,57,4,88,0.458,0.301,0.493,0.487,0.497,0.247,0.2,0.274,0.304,0.27,0.427,0.268,0.334,0.278,0.304,0.471,0.203,0.239,0.316,0.453,0.264,0.481,0.491,0.312,0.496,0.236,0.429,0.374,0.386,0.347,0.266,0.243,0.391,0.441,0.401,0.341,0.484,0.378,0.268,0.405,0.296,0.425,0.5,0.281,0.48,0.409,0.228,0.274,0.481,0.344,0.465,0.434,0.205,0.431,0.406,0.461,0.374,0.388,0.233,0.264,0.21,0.333,0.298,0.286,0.349,0.254,0.481,0.482,0.378,0.2,0.471,0.405,0.222,0.499,0.294,0.443,0.338,0.376,0.343,0.366,0,0,0,0,0,0,0,0,0,0,0,0,0,0,0,0,0,0,0,0,0,0,0,0,0,0,0,0,0,0,0,0,0,0,0,0,0,0,0,0,0,1,1,0,1,0,0,1,1,1,1,1,1,1,1,0,0,0,1,1,0,1,1,1,1,1,0,0,1,1,1,0,1,0,1,0,1,1,0,0,1,1,1,1,1,1,0,1,1,1,1,1,1,1,1,1,1,1,1,1,1,1,1,1,1,1,1,1,1,1,1,1,1,1,1,1,1,1,1,1,0.25313,0.20574,0.27125,0.26989,0.34065,0.21683,0.19041,0.2521,0.2442,0.22744,0.29398,0.23437,0.24683,0.22174,0.23359,0.29784,0.19237,0.21199,0.26386,0.33178,0.19426,0.28496,0.28889,0.2319,0.2945,0.19397,0.26213,0.2494,0.2858,0.26805,0.23182,0.21433,0.25282,0.26031,0.25566,0.23122,0.29007,0.25163,0.19731,0.26098,0.21978,0.26726,0.29313,0.21983,0.30456,0.27732,0.18836,0.22976,0.26481,0.21869,0.25915,0.25734,0.17941,0.26972,0.26154,0.28933,0.27544,0.27967,0.2112,0.23369,0.21198,0.2724,0.25672,0.2589,0.23503,0.19593,0.28001,0.28903,0.25685,0.17935,0.28933,0.27446,0.19105,0.29797,0.2227,0.28829,0.24178,0.25518,0.24307,0.25997,1204.2,1734.4,2420.8,1204.2,2481.1,1204.2,1204.2,1629.6,1143.7,1068.8,1431.3,1047.9,1557.6,1409,1464.6,1204.2,1204.2,1204.2,1795,2295.5,1204.2,1686.5,1706.1,1244.8,2512.4,1568.3,1204.2,1204.2,1642.7,1532.3,1311.5,1204.2,2053.1,1204.2,2076.2,1204.2,2315.5,1924.8,1204.2,1204.2,1007.2,1305.5,1490.5,965.18,1776.5,1585.3,1204.2,1218.9,1335.2,985.23,1290.2,1238.4,808.87,1309.3,1247.7,1407.9,1314.5,1345.3,985.37,1043.2,1005.4,1283.2,1193,1157,1082.4,873.71,1402.5,1434.8,1214.1,824.38,1432.7,1286.5,866.89,1499.4,1008.8,1383.1,1144.8,1234.8,1147.1,1215.8,0.94541,1,1,0.94867,1,0.89879,0.875,1,1,1,1,1,1,1,1,0.94692,0.87685,0.8954,1,1,0.9053,1,1,1,1,1,0.94172,0.93316,1,1,1,0.89712,1,0.94331,1,0.92669,1,1,0.90672,0.93827,1,1,1,1,1,1,0.89035,1,1,1,1,1,1,1,1,1,1,1,1,1,1,1,1,1,1,1,1,1,1,1,1,1,1,1,1,1,1,1,1,1
4,20,0.5,10,30,2,2e+06,0,0,100,0,100,35,29,18,75,72,19,43,0.213,0.397,0.435,0.459,0.436,0.33,0.304,0.216,0.446,0.231,0.201,0.282,0.483,0.402,0.316,0.457,0.403,0.383,0.332,0.489,0.447,0.203,0.242,0.345,0.374,0.288,0.332,0.319,0.241,0.486,0.308,0.451,0.212,0.327,0.222,0.294,0.484,0.457,0.252,0.361,0.288,0.471,0.224,0.437,0.252,0.416,0.269,0.262,0.265,0.493,0.314,0.391,0.214,0.269,0.463,0.338,0.2,0.339,0.448,0.462,0.29,0.271,0.45,0.331,0.352,0.255,0.245,0.472,0.498,0.317,0.448,0.487,0.469,0.453,0.405,0.251,0.271,0.33,0.207,0.28,0,0,5.125,4.675,10.165,8.7946,15.395,12.819,20.674,16.343,25.927,19.288,31.195,21.698,36.521,23.563,41.897,24.825,47.297,25.454,52.703,25.454,58.103,24.826,63.479,23.563,68.805,21.698,74.073,19.289,79.326,16.343,84.605,12.819,89.835,8.7946,94.875,4.675,100,0,0,0,0,0,0,0,0,0,0,0,0,0,0,0,0,0,0,0,0,0,0,0,0,0,0,0,0,0,0,0,0,0,0,0,0,0,0,0,0,0,0,0,0,0,0,0,0,0,0,0,0,0,0,0,0,0,0,0,0,0,0,0,0,0,0,0,0,0,0,0,0,0,0,0,0,0,0,0,0,0,0.18541,0.25246,0.28436,0.27777,0.31058,0.24693,0.25045,0.19204,0.33665,0.21295,0.20751,0.2429,0.28237,0.23894,0.21898,0.25971,0.25635,0.23541,0.22759,0.28065,0.3213,0.18934,0.22154,0.26781,0.2761,0.2258,0.2563,0.2418,0.19545,0.29412,0.22652,0.28391,0.22191,0.2848,0.22813,0.26517,0.28998,0.27387,0.19621,0.23994,0.22296,0.30179,0.19147,0.28378,0.22667,0.30377,0.23738,0.23218,0.20657,0.29874,0.23127,0.26342,0.19368,0.22429,0.3213,0.26073,0.17203,0.24087,0.29386,0.29324,0.2254,0.21998,0.30257,0.25205,0.2591,0.21489,0.21047,0.31554,0.26879,0.20626,0.25427,0.27068,0.27672,0.27254,0.25592,0.19483,0.24272,0.28297,0.2132,0.26111,931.93,931.93,931.93,931.93,931.93,931.93,931.93,931.93,931.93,931.93,931.93,931.93,931.93,931.93,931.93,931.93,931.93,931.93,931.93,931.93,931.93,931.93,931.93,931.93,931.93,931.93,931.93,931.93,931.93,931.93,931.93,931.93,931.93,931.93,931.93,931.93,931.93,931.93,931.93,931.93,931.93,931.93,931.93,931.93,931.93,931.93,931.93,931.93,931.93,931.93,931.93,931.93,931.93,931.93,931.93,931.93,931.93,931.93,931.93,931.93,931.93,931.93,931.93,931.93,931.93,931.93,931.93,931.93,931.93,931.93,931.93,931.93,931.93,931.93,931.93,931.93,931.93,931.93,931.93,931.93,0.88263,0.93703,0.94253,0.94553,0.94266,0.92424,0.91776,0.88426,0.94395,0.89177,0.87562,0.91135,0.94824,0.93781,0.92089,0.9453,0.93797,0.93473,0.9247,0.99164,0.94407,0.87685,0.89669,0.95024,0.93316,0.91319,0.9247,0.92163,0.89627,0.99207,0.91883,0.9917,0.88208,0.94691,0.88739,0.91497,0.94835,0.9453,0.90079,0.93075,0.91319,0.99196,0.88839,0.94279,0.90079,0.9399,0.90706,0.90458,0.90566,0.94929,0.92038,0.93606,0.88318,0.90706,0.99142,0.92604,0.875,0.92625,0.991,0.94589,0.91379,0.90775,0.96224,0.92447,0.95244,0.90196,0.89796,0.94703,0.99143,0.92114,0.9442,0.94867,0.99149,0.94481,0.93827,0.9004,0.90775,0.92424,0.87923,0.91071
4,20,0.5,10,4,2,2e+06,0,0,100,0,41,73,14,63,24,84,84,45,0.318,0.489,0.202,0.319,0.346,0.386,0.221,0.242,0.396,0.265,0.235,0.212,0.249,0.353,0.461,0.43,0.24,0.219,0.402,0.345,0.349,0.294,0.297,0.473,0.335,0.425,0.255,0.225,0.262,0.368,0.399,0.482,0.212,0.249,0.331,0.298,0.227,0.443,0.32,0.397,0.37,0.2,0.396,0.295,0.28,0.338,0.387,0.441,0.368,0.207,0.438,0.282,0.447,0.407,0.381,0.316,0.219,0.5,0.398,0.268,0.227,0.272,0.471,0.265,0.344,0.473,0.258,0.334,0.385,0.378,0.4,0.28,0.327,0.44,0.48,0.341,0.292,0.332,0.292,0.282,0,0,5.1144,4.6651,10.176,8.8413,15.391,12.839,20.643,16.329,25.88,19.28,31.152,21.717,36.492,23.603,41.882,24.867,47.293,25.488,52.706,25.488,58.117,24.867,63.507,23.602,68.847,21.716,74.119,19.279,79.357,16.328,84.609,12.838,89.823,8.841,94.886,4.6649,100,0,1,1,1,1,1,1,1,0,0,0,1,1,0,1,1,0,0,0,0,1,1,1,0,0,1,1,1,1,1,1,1,1,1,1,1,1,1,1,1,1,1,1,1,1,1,1,1,1,1,1,1,1,1,1,1,1,1,0,1,1,1,1,1,1,1,1,1,1,1,1,1,1,1,1,0,1,1,1,1,1,0.2476,0.30807,0.19332,0.25101,0.27707,0.28913,0.21718,0.21662,0.30339,0.23449,0.23695,0.22517,0.19326,0.24523,0.29022,0.27129,0.21644,0.20193,0.29769,0.28394,0.25407,0.22882,0.22317,0.29393,0.26263,0.29776,0.22798,0.21163,0.20461,0.24625,0.26142,0.28771,0.21756,0.23773,0.28215,0.26256,0.1985,0.28838,0.24369,0.26943,0.27465,0.196,0.2895,0.23984,0.21723,0.24283,0.26433,0.27561,0.27035,0.19811,0.30284,0.2287,0.27056,0.25946,0.25223,0.21775,0.19767,0.30702,0.28059,0.21472,0.21282,0.23821,0.32477,0.22419,0.24846,0.29995,0.2162,0.23539,0.25985,0.26057,0.27065,0.20894,0.22747,0.27147,0.27834,0.22272,0.24731,0.26885,0.25219,0.23165,1142.6,1537.3,902.6,1149.4,1559.8,1677.2,1240.8,1219.6,1219.6,1219.6,1809.4,1708.4,1219.6,1905.1,2286.7,1219.6,1219.6,1219.6,1219.6,2882.5,2056.2,1866.1,1219.6,1219.6,1224,1430.3,1057.1,988.05,943.44,1172,1244.9,1419.5,1027.5,1112.2,1296.8,1212.9,931.12,1400.2,1128.5,1283,1288.8,931.92,1362.9,1123.1,1014.9,1137.4,1258.2,1348.9,1266.8,930.25,1444.1,1077.3,1322.7,1246.1,1193.4,1029.8,1268,1219.6,1775.8,1389.2,986.97,1086.5,1570,1061.3,1159.1,1488.9,982.19,1126.2,1236.5,1237.1,1295.8,998.42,1410.7,1727.5,1219.6,1429.9,1154.3,1253.8,1163.5,1120.2,1,1,1,1,1,1,1,0.89669,0.93687,0.90566,1,1,0.8996,1,1,0.94186,0.89583,0.88584,0.93781,1,1,1,0.91582,0.94715,1,1,1,1,1,1,1,1,1,1,1,1,1,1,1,1,1,1,1,1,1,1,1,1,1,1,1,1,1,1,1,1,1,0.95,1,1,1,1,1,1,1,1,1,1,1,1,1,1,1,1,0.94792,1,1,1,1,1
4,20,0.5,10,5,2,2e+06,0,0,100,0,37,44,52,30,48,0,17,30,0.424,0.374,0.411,0.442,0.456,0.235,0.397,0.426,0.411,0.382,0.211,0.258,0.299,0.393,0.265,0.223,0.495,0.262,0.495,0.383,0.274,0.355,0.414,0.278,0.234,0.365,0.265,0.293,0.492,0.293,0.484,0.323,0.203,0.293,0.246,0.499,0.335,0.364,0.278,0.465,0.231,0.447,0.328,0.477,0.358,0.462,0.306,0.32,0.379,0.474,0.24,0.212,0.32,0.379,0.476,0.288,0.364,0.435,0.298,0.228,0.332,0.208,0.403,0.233,0.26,0.359,0.388,0.312,0.382,0.454,0.411,0.318,0.372,0.275,0.418,0.303,0.223,0.29,0.29,0.206,0,0,5.1247,4.6743,10.159,8.7864,15.395,12.819,20.677,16.342,25.927,19.281,31.193,21.686,36.521,23.548,41.898,24.805,47.298,25.428,52.702,25.428,58.102,24.805,63.479,23.548,68.806,21.686,74.073,19.281,79.323,16.342,84.605,12.819,89.841,8.7864,94.875,4.6743,100,0,1,1,0,1,1,0,0,0,0,0,1,1,1,0,1,0,1,1,1,1,1,0,0,1,0,1,0,1,0,1,1,1,0,1,1,0,1,1,1,1,1,1,1,1,1,1,1,1,1,1,1,1,1,1,1,1,1,1,1,1,1,1,1,1,1,1,1,1,1,1,1,1,1,1,1,1,1,1,1,1,0.25773,0.24099,0.24254,0.25875,0.28947,0.1886,0.25691,0.26503,0.28908,0.27743,0.20575,0.22774,0.26021,0.29256,0.24281,0.20442,0.28073,0.19732,0.28068,0.24128,0.23101,0.25636,0.28109,0.23153,0.21508,0.29321,0.23285,0.25885,0.27717,0.21351,0.28354,0.22578,0.19062,0.25088,0.22892,0.32958,0.24085,0.2511,0.21755,0.2905,0.19381,0.27815,0.2358,0.29223,0.24959,0.28531,0.22848,0.23661,0.27581,0.30924,0.21319,0.20176,0.23369,0.25371,0.28965,0.22295,0.26622,0.28994,0.23605,0.20779,0.27091,0.20567,0.29805,0.22538,0.22092,0.25983,0.27167,0.24758,0.24891,0.26899,0.25439,0.22771,0.26475,0.21957,0.27643,0.23925,0.23635,0.26793,0.2668,0.22893,1552.1,1440.2,1154.3,1593.5,3440.6,1154.3,1154.3,1154.3,1154.3,1154.3,1654.3,1832.3,1898.3,1154.3,1780.9,1154.3,1386.7,868.02,1386.4,1131.7,1813.3,1154.3,1154.3,1848.1,1154.3,2056.1,1154.3,1815.5,1154.3,1318.7,1793.1,1401.8,1154.3,1900.4,1730.6,1154.3,1116,1186.2,999.07,1411.5,882.27,1343.8,1081,1418.5,1169.3,1398.3,1054.1,1093.6,1275.3,1489.6,977.34,930.67,1073.6,1205.6,1422.9,1018.8,1238.5,1394.1,1090.5,956.58,1235.2,969.67,1392.5,1031.8,1013.9,1232.9,1292.1,1139.8,1170.2,1326.3,1224.7,1033.8,1242.7,1020.9,1335.1,1097.1,1072.5,1223.9,1222.6,1048.5,1,1,0.93917,1,1,0.89362,0.93703,0.94131,0.93917,0.93455,1,1,1,0.93639,1,0.88789,1,1,1,1,1,0.92958,0.93961,1,0.89316,1,0.90566,1,0.94919,1,1,1,0.87685,1,1,0.9499,1,1,1,1,1,1,1,1,1,1,1,1,1,1,1,1,1,1,1,1,1,1,1,1,1,1,1,1,1,1,1,1,1,1,1,1,1,1,1,1,1,1,1,1
4,20,0.5,10,12,2,2e+06,0,0,100,0,0,83,91,71,24,59,94,90,0.382,0.438,0.451,0.368,0.2,0.275,0.33,0.329,0.463,0.22,0.302,0.253,0.274,0.419,0.286,0.271,0.242,0.266,0.446,0.313,0.4,0.481,0.328,0.382,0.491,0.309,0.399,0.294,0.466,0.288,0.288,0.473,0.348,0.262,0.207,0.251,0.291,0.489,0.435,0.402,0.453,0.326,0.411,0.344,0.446,0.331,0.458,0.202,0.499,0.282,0.21,0.245,0.344,0.467,0.285,0.436,0.251,0.42,0.274,0.224,0.456,0.406,0.488,0.496,0.36,0.472,0.343,0.467,0.207,0.238,0.422,0.317,0.318,0.381,0.207,0.316,0.217,0.407,0.356,0.222,0,0,5.1187,4.6714,10.17,8.8354,15.385,12.824,20.648,16.324,25.898,19.282,31.168,21.714,36.499,23.598,41.883,24.872,47.292,25.504,52.707,25.504,58.117,24.872,63.5,23.598,68.831,21.713,74.101,19.282,79.352,16.324,84.615,12.824,89.83,8.8353,94.881,4.6713,100,0,1,0,0,1,1,1,0,1,1,0,0,0,0,1,0,1,0,1,0,0,1,1,0,1,1,1,0,1,0,0,0,0,0,0,0,1,0,0,0,1,1,0,0,0,1,1,0,1,0,1,0,1,1,0,0,1,1,1,0,1,1,1,1,0,1,1,0,1,1,1,1,1,1,1,0,0,1,1,0,1,0.24114,0.26014,0.25114,0.24758,0.20646,0.254,0.25542,0.28412,0.32465,0.20713,0.23902,0.2292,0.22433,0.30627,0.22479,0.24461,0.20825,0.2379,0.30146,0.25239,0.25235,0.28353,0.21056,0.25356,0.29503,0.23038,0.24683,0.22776,0.28497,0.21456,0.20774,0.29272,0.29197,0.24495,0.20602,0.25705,0.20655,0.27796,0.25443,0.26106,0.28641,0.22417,0.25384,0.23558,0.29063,0.24023,0.28324,0.1859,0.3348,0.24352,0.19232,0.22936,0.24692,0.27302,0.20415,0.27591,0.24099,0.30675,0.23166,0.2206,0.25741,0.22993,0.25816,0.2545,0.24266,0.26752,0.21876,0.27106,0.21406,0.2185,0.30627,0.26117,0.27226,0.28445,0.19347,0.24982,0.22092,0.29468,0.26955,0.21486,2038.8,1211,1211,2030.6,1269.2,1465.4,1211,1628.7,3503.3,1211,1211,1211,1211,2255.2,1211,1711.1,1211,2273,1211,1211,1486.1,1685.6,1211,1456.5,1830.7,1368.8,1211,1339.2,1211,1211,1211,1211,1211,1211,1211,2202.3,1211,1211,1211,3132.5,3457.8,1211,1211,1211,1816.1,1487.8,1211,1172.3,1211,1872.9,1211,1750.6,1889.8,1211,1211,2209.5,1354.4,1790,1211,1275.9,1612.7,1455.6,1591.9,1211,1393.1,1624,1211,1625.8,990.65,1042.7,1423.8,1218,1885.9,2091,1211,1211,1299.2,1796.3,1211,1297.7,1,0.94292,0.94457,1,1,1,0.92424,1,1,0.88636,0.91722,0.90119,0.90876,1,0.91259,1,0.89669,1,0.99147,0.92013,1,1,0.92378,1,1,1,0.93734,1,0.94635,0.91319,0.91319,0.94715,0.92816,0.90458,0.87923,1,0.91409,0.94888,0.94253,1,1,0.92331,0.93917,0.92733,1,1,0.9858,1,0.9499,1,0.88095,1,1,0.94647,0.91228,1,1,1,0.90876,1,1,1,1,0.9496,1,1,0.92711,1,1,1,1,1,1,1,0.87923,0.92089,1,1,0.92978,1
4,20,0.5,10,16,2,2e+06,0,0,100,0,68,35,51,70,60,51,78,69,0.296,0.45,0.398,0.376,0.205,0.451,0.234,0.452,0.301,0.329,0.438,0.242,0.383,0.48,0.391,0.214,0.41,0.277,0.407,0.309,0.363,0.266,0.472,0.312,0.223,0.209,0.388,0.482,0.296,0.424,0.286,0.237,0.354,0.316,0.494,0.287,0.378,0.371,0.385,0.368,0.284,0.245,0.42,0.211,0.441,0.322,0.449,0.492,0.327,0.216,0.436,0.389,0.353,0.37,0.293,0.424,0.301,0.465,0.3,0.439,0.442,0.215,0.321,0.49,0.324,0.299,0.391,0.458,0.437,0.362,0.423,0.422,0.333,0.455,0.348,0.485,0.44,0.24,0.271,0.238,0,0,5.1164,4.6661,10.178,8.844,15.397,12.836,20.656,16.323,25.897,19.272,31.166,21.704,36.501,23.587,41.887,24.852,47.296,25.475,52.708,25.475,58.116,24.853,63.502,23.588,68.837,21.706,74.105,19.274,79.346,16.324,84.604,12.837,89.822,8.8446,94.884,4.6664,100,0,0,0,1,0,0,0,1,1,0,0,1,1,0,0,0,0,0,0,0,0,0,0,0,0,0,0,1,0,0,0,1,1,0,0,1,1,0,0,0,1,0,0,1,1,1,0,0,0,1,0,0,0,0,0,0,1,0,0,1,1,0,0,1,1,1,1,1,1,1,1,1,1,1,0,0,1,0,0,1,0,0.21168,0.2744,0.26252,0.25139,0.18183,0.29613,0.21082,0.31123,0.23169,0.24695,0.29976,0.2216,0.25717,0.2966,0.26074,0.18549,0.27301,0.21797,0.2722,0.23682,0.25357,0.21232,0.29652,0.23759,0.19775,0.19198,0.2879,0.32237,0.23397,0.30206,0.24153,0.22245,0.24089,0.22797,0.30265,0.22849,0.24605,0.24694,0.24953,0.25747,0.24072,0.22356,0.3162,0.21953,0.25933,0.21215,0.25505,0.27346,0.25095,0.19015,0.28685,0.27206,0.24196,0.25499,0.21799,0.28507,0.21095,0.28684,0.22314,0.27907,0.27341,0.18195,0.23905,0.30559,0.22978,0.22701,0.25837,0.28485,0.25432,0.23711,0.2533,0.25527,0.22448,0.2682,0.22415,0.28317,0.3095,0.22317,0.24835,0.21898,1275.6,1275.6,3090.3,1275.6,1275.6,1275.6,1591.5,2331.5,1275.6,1275.6,2280.2,1630.2,1275.6,1275.6,1275.6,1275.6,1275.6,1275.6,1275.6,1275.6,1275.6,1275.6,1275.6,1275.6,1275.6,1275.6,3055,1275.6,1275.6,1275.6,1893.4,1731,1275.6,1275.6,2328.5,1701.5,1275.6,1275.6,1275.6,2936.9,1275.6,1275.6,2263.9,1565.2,3324,1275.6,1275.6,1275.6,2627.5,1275.6,1275.6,1275.6,1275.6,1275.6,1275.6,3280.7,1275.6,1275.6,1763.9,2226.7,1275.6,1275.6,1777.8,2292.9,1086.2,1046.5,1230.5,1385.1,1248.4,1081.6,1231.7,1236.2,1788,1275.6,1275.6,2289,1275.6,1275.6,2347.7,1275.6,0.91554,0.94444,1,0.93351,0.87805,0.94457,1,1,0.91694,0.92401,1,1,0.93473,0.94792,0.93606,0.88318,0.93902,0.90975,0.93857,0.91909,0.93113,0.90602,0.94703,0.91987,0.88789,0.88038,1,0.94813,0.91554,0.99127,1,1,0.92938,0.92089,1,1,0.93386,0.93261,0.93506,1,0.91197,0.89796,1,1,1,0.92236,0.94432,0.94919,1,0.88426,0.94266,0.93573,0.92918,0.93243,0.91468,1,0.91694,0.98273,1,1,0.94344,0.88372,1,1,1,1,1,1,1,1,1,1,1,0.94505,0.92816,1,0.94318,0.89583,1,0.89496
4,20,0.5,10,19,2,2e+06,0,0,100,0,96,64,50,36,77,79,2,5,0.297,0.44,0.389,0.495,0.247,0.385,0.292,0.225,0.463,0.377,0.291,0.25,0.302,0.22,0.396,0.273,0.428,0.29,0.326,0.216,0.209,0.256,0.281,0.219,0.3,0.215,0.23,0.221,0.472,0.293,0.378,0.313,0.486,0.423,0.467,0.38,0.407,0.317,0.267,0.239,0.251,0.482,0.21,0.464,0.357,0.443,0.334,0.304,0.427,0.308,0.367,0.467,0.452,0.273,0.331,0.449,0.245,0.428,0.463,0.351,0.371,0.456,0.496,0.437,0.305,0.351,0.276,0.353,0.223,0.216,0.391,0.385,0.224,0.383,0.363,0.457,0.393,0.281,0.232,0.218,0,0,5.1426,4.7038,10.255,8.9185,15.372,12.719,20.619,16.215,25.918,19.206,31.232,21.658,36.56,23.538,41.915,24.818,47.299,25.471,52.696,25.47,58.08,24.817,63.436,23.537,68.764,21.656,74.078,19.205,79.379,16.213,84.626,12.717,89.744,8.9177,94.857,4.7035,100,0,0,0,0,1,0,0,0,0,0,0,0,1,0,0,0,1,0,0,0,1,0,0,0,0,0,0,0,1,0,0,0,1,0,0,0,1,0,0,0,0,0,0,0,0,0,0,0,0,0,0,0,0,0,0,0,1,0,0,1,1,1,1,1,1,1,0,0,0,0,0,0,1,0,1,1,0,0,0,0,1,0.21574,0.25782,0.25197,0.27447,0.23778,0.29424,0.26184,0.20613,0.30517,0.25665,0.23075,0.20743,0.25801,0.20138,0.30149,0.23912,0.30592,0.23069,0.2592,0.20419,0.23502,0.25397,0.28076,0.23025,0.28763,0.22387,0.24351,0.24498,0.29473,0.21268,0.25781,0.23478,0.26729,0.23696,0.26055,0.2352,0.30371,0.24924,0.23237,0.21467,0.20803,0.30591,0.18626,0.29979,0.2498,0.28164,0.24069,0.22787,0.26178,0.21043,0.24869,0.2791,0.28248,0.19946,0.23024,0.28781,0.19116,0.26353,0.29169,0.25361,0.22616,0.25055,0.26879,0.2545,0.24932,0.25633,0.22685,0.2675,0.20393,0.19853,0.29309,0.30444,0.18371,0.26318,0.261,0.29211,0.30013,0.24488,0.22234,0.23265,1259.4,1259.4,1259.4,3585.5,1259.4,1259.4,1259.4,1259.4,1259.4,1259.4,1259.4,2263.8,1259.4,1259.4,1259.4,2386.7,1259.4,1259.4,1259.4,2096.8,1259.4,1259.4,1259.4,1259.4,1259.4,1259.4,1259.4,2119.3,1259.4,1259.4,1259.4,2629.4,1259.4,1259.4,1259.4,3072,1259.4,1259.4,1259.4,1259.4,1259.4,1259.4,1259.4,1259.4,1259.4,1259.4,1259.4,1259.4,1259.4,1259.4,1259.4,1259.4,1259.4,1259.4,1259.4,3448.6,1259.4,1259.4,2227.3,1901.9,1031.4,1241.3,1382.4,1246.5,2580.5,1259.4,1259.4,1259.4,1259.4,1259.4,1259.4,3113.1,1259.4,2027.5,1990.9,1259.4,1259.4,1259.4,1259.4,2118.5,0.91582,0.94318,0.93573,1,0.89879,0.93506,0.91438,0.88889,0.946,0.93369,0.91409,1,0.91722,0.88636,0.93687,1,0.94159,0.91379,0.92331,1,0.88038,0.90234,0.91103,0.88584,0.91667,0.88372,0.8913,1,0.94703,0.91468,0.93386,1,0.94856,0.9409,0.94647,1,0.96251,0.92114,0.90637,0.8954,0.9004,0.99221,0.88095,0.94612,0.92997,0.97612,0.92515,0.91776,0.94145,0.91883,0.9901,0.94647,0.99094,0.90842,0.92447,1,0.89796,0.94159,1,1,1,1,1,1,1,0.92877,0.90942,0.92918,0.88789,0.88426,0.94704,1,0.88839,1,1,0.9453,0.93639,0.91103,0.89224,1
4,20,0.5,10,5,2,2e+06,0,0,100,0,71,50,61,7,24,2,85,1,0.365,0.236,0.376,0.387,0.424,0.293,0.475,0.435,0.23,0.284,0.473,0.233,0.437,0.23,0.431,0.399,0.432,0.48,0.253,0.206,0.45,0.342,0.232,0.226,0.234,0.25,0.492,0.286,0.38,0.456,0.273,0.418,0.32,0.293,0.396,0.317,0.235,0.494,0.355,0.352,0.297,0.259,0.459,0.28,0.362,0.365,0.489,0.281,0.279,0.293,0.367,0.313,0.273,0.403,0.278,0.489,0.349,0.328,0.37,0.384,0.442,0.465,0.248,0.226,0.294,0.382,0.314,0.478,0.217,0.499,0.4,0.385,0.244,0.208,0.372,0.209,0.414,0.264,0.276,0.488,0,0,5.1343,4.6946,10.225,8.888,15.375,12.734,20.618,16.225,25.901,19.207,31.201,21.657,36.528,23.543,41.893,24.834,47.293,25.495,52.706,25.495,58.106,24.834,63.472,23.543,68.798,21.657,74.098,19.206,79.381,16.225,84.625,12.734,89.775,8.8878,94.866,4.6945,100,0,1,1,1,1,1,0,0,1,0,0,1,0,0,0,1,1,1,1,0,1,0,0,1,1,1,1,0,1,1,1,1,1,1,1,1,1,1,1,1,1,1,1,1,1,1,1,1,1,1,1,1,1,1,1,1,0,1,1,1,1,0,1,1,1,1,1,1,1,1,1,1,1,1,0,1,1,1,1,1,0,0.26608,0.20356,0.25606,0.2743,0.26637,0.20158,0.26188,0.27017,0.21531,0.23977,0.32745,0.21747,0.2749,0.18287,0.27119,0.27105,0.29517,0.30773,0.20031,0.19679,0.30832,0.2583,0.21467,0.21871,0.21776,0.22315,0.31366,0.24543,0.25122,0.27525,0.20635,0.26718,0.2459,0.23224,0.27506,0.24679,0.19913,0.29908,0.25036,0.25143,0.2395,0.2207,0.30638,0.23342,0.24602,0.24591,0.29332,0.21475,0.23419,0.23943,0.27615,0.25022,0.21728,0.26833,0.22291,0.29148,0.24633,0.23636,0.25891,0.2584,0.28398,0.29927,0.21679,0.19996,0.22251,0.25485,0.23537,0.28727,0.18686,0.29343,0.2677,0.25201,0.24863,0.20894,0.31994,0.22249,0.27675,0.21216,0.22511,0.28598,1234.8,929.59,1241.4,1290.9,2069.4,1181.2,1181.2,2127.4,1181.2,1181.2,3591.7,1181.2,1181.2,1181.2,2129.4,2022.1,1653.6,1758.7,1181.2,1105.7,1181.2,1181.2,1737.3,1717.8,1364.3,1389.6,1181.2,1519.2,1179.6,1343.4,949.19,1272.8,1142.9,1070.8,1318.1,1144.5,909.42,1472.9,1170.9,1162.4,1102.3,1009.3,1481.8,1073.5,1150.8,1151.8,1450.5,982.13,1085.9,1103.4,1293.2,1167.4,1353.1,1680.6,1378.7,1181.2,1156.8,1098.8,1217.9,1237.5,1181.2,1854.3,1306.4,1248.4,1021.3,1205.8,1071.3,1425.3,843.47,1450.6,1249,1195.6,1347,1181.2,1713.1,1267.8,1727.7,1313.2,1375.3,1181.2,1,1,1,1,1,0.91468,0.94737,1,0.8913,0.91197,1,0.8927,0.94279,0.8913,1,1,1,1,0.90119,1,0.94444,0.9269,1,1,1,1,0.94919,1,1,1,1,1,1,1,1,1,1,1,1,1,1,1,1,1,1,1,1,1,1,1,1,1,1,1,1,0.94888,1,1,1,1,0.94344,1,1,1,1,1,1,1,1,1,1,1,1,0.87981,1,1,1,1,1,0.94877
4,20,0.5,10,0,2,2e+06,0,0,100,0,66,58,7,24,35,12,74,45,0.205,0.405,0.465,0.242,0.444,0.276,0.207,0.359,0.481,0.431,0.321,0.416,0.344,0.332,0.483,0.374,0.435,0.415,0.242,0.408,0.318,0.238,0.392,0.349,0.219,0.357,0.294,0.457,0.202,0.26,0.465,0.265,0.295,0.303,0.44,0.371,0.444,0.225,0.257,0.389,0.219,0.423,0.381,0.44,0.248,0.422,0.427,0.465,0.329,0.256,0.291,0.296,0.333,0.308,0.388,0.482,0.286,0.273,0.477,0.478,0.293,0.223,0.435,0.239,0.338,0.332,0.382,0.238,0.38,0.239,0.234,0.332,0.281,0.484,0.355,0.334,0.292,0.341,0.434,0.25,0,0,5.1254,4.6745,10.159,8.7832,15.396,12.817,20.681,16.342,25.933,19.28,31.198,21.683,36.523,23.543,41.899,24.8,47.298,25.424,52.702,25.424,58.101,24.8,63.476,23.543,68.801,21.683,74.067,19.28,79.319,16.342,84.604,12.817,89.841,8.7831,94.875,4.6745,100,0,1,1,1,1,1,1,1,1,1,1,1,1,1,1,1,1,1,1,1,1,1,1,1,1,1,1,1,1,1,1,1,1,1,1,1,1,1,1,1,1,1,1,1,1,1,1,1,1,1,1,1,1,1,1,1,1,1,1,1,1,1,1,1,1,1,1,1,1,1,1,1,1,1,1,1,1,1,1,1,1,0.20102,0.27727,0.30163,0.22008,0.3082,0.22507,0.19292,0.27381,0.2788,0.25061,0.21358,0.25702,0.2409,0.2269,0.28011,0.25208,0.27739,0.26153,0.19363,0.26746,0.25173,0.20871,0.27479,0.26477,0.20242,0.26068,0.23275,0.30416,0.20587,0.23416,0.32097,0.239,0.22863,0.231,0.28128,0.2591,0.29915,0.20544,0.21828,0.27712,0.18964,0.27576,0.25612,0.27847,0.19529,0.26609,0.26298,0.27564,0.26635,0.23596,0.24815,0.24954,0.23333,0.22846,0.25381,0.28439,0.21518,0.21511,0.28599,0.28372,0.2492,0.22014,0.3105,0.22017,0.25621,0.26107,0.2744,0.20832,0.28761,0.22914,0.2198,0.26346,0.21667,0.30152,0.24662,0.23518,0.23418,0.26284,0.29133,0.21165,910.67,1343.5,1505.5,1017.7,1464.2,1074.3,945.61,1288.4,1395.5,1235.1,995.94,1238.2,1114.6,1078.8,1435.5,1201.4,1335.7,1276.6,920.7,1290.9,1167,997.09,1351.5,1253.7,936.93,1236.1,1120.3,1485,958.67,1092.9,1564.5,1126.4,1063.4,1083.2,1400.6,1250.4,1430.4,960.43,1050.5,1333.9,873.09,1323.6,1244.1,1372,886.75,1277.1,1294.9,1379.1,1245.4,1095.9,1193.8,1200.8,1094.1,1048.3,1237.4,1444,989.73,969.5,1437,1430.2,1158,1013.4,1504.1,1067.9,1208.8,1207.3,1336.3,1017.1,1351.9,1054.3,1065.3,1269.9,999.43,1507.3,1186,1124.8,1095.1,1216.9,1442.2,1025.1,1,1,1,1,1,1,1,1,1,1,1,1,1,1,1,1,1,1,1,1,1,1,1,1,1,1,1,1,1,1,1,1,1,1,1,1,1,1,1,1,1,1,1,1,1,1,1,1,1,1,1,1,1,1,1,1,1,1,1,1,1,1,1,1,1,1,1,1,1,1,1,1,1,1,1,1,1,1,1,1
4,20,0.5,10,12,2,2e+06,0,0,100,0,75,11,77,77,54,17,93,21,0.205,0.381,0.382,0.341,0.379,0.417,0.322,0.379,0.328,0.236,0.305,0.364,0.238,0.224,0.287,0.403,0.337,0.35,0.217,0.222,0.301,0.301,0.496,0.426,0.394,0.465,0.354,0.313,0.466,0.273,0.249,0.398,0.276,0.247,0.283,0.289,0.201,0.268,0.401,0.495,0.277,0.386,0.492,0.348,0.29,0.379,0.363,0.239,0.366,0.244,0.277,0.359,0.444,0.416,0.35,0.469,0.486,0.339,0.286,0.478,0.349,0.464,0.264,0.234,0.237,0.372,0.34,0.312,0.427,0.337,0.412,0.479,0.446,0.211,0.49,0.467,0.392,0.203,0.494,0.316,0,0,5.1248,4.6745,10.167,8.7972,15.397,12.821,20.675,16.341,25.926,19.284,31.194,21.694,36.52,23.559,41.897,24.821,47.297,25.448,52.703,25.448,58.103,24.821,63.48,23.559,68.806,21.694,74.074,19.284,79.326,16.341,84.603,12.821,89.833,8.7972,94.875,4.6745,100,0,0,0,1,1,0,0,1,1,0,0,1,1,0,0,1,0,0,0,0,0,0,0,1,1,0,0,1,1,0,0,1,0,1,0,0,0,0,1,0,0,0,0,1,1,0,0,0,1,0,0,1,1,0,0,1,1,0,1,1,1,1,1,1,1,1,0,1,1,1,1,1,1,1,1,1,1,0,1,1,1,0.18341,0.27675,0.27316,0.26668,0.24492,0.26769,0.22796,0.25943,0.25265,0.21348,0.24888,0.28499,0.21973,0.21816,0.25465,0.30746,0.27852,0.29283,0.20899,0.21966,0.21349,0.21937,0.29097,0.27617,0.24876,0.28121,0.2395,0.23054,0.2953,0.21979,0.21208,0.27283,0.25992,0.23579,0.24754,0.25675,0.18013,0.23309,0.27235,0.31443,0.20407,0.25526,0.2941,0.24656,0.2328,0.28027,0.26539,0.22154,0.26828,0.21537,0.23856,0.27779,0.25217,0.24972,0.22836,0.26975,0.27432,0.23704,0.2097,0.27895,0.25806,0.31265,0.22236,0.20693,0.21352,0.27408,0.26344,0.24896,0.25183,0.23011,0.24979,0.26826,0.2644,0.18236,0.28248,0.27076,0.25838,0.19497,0.30956,0.23709,1182.8,1182.8,2050.2,1921.2,1182.8,1182.8,1859.8,2081.2,1182.8,1182.8,1826.8,2050.6,1182.8,1182.8,2332.4,1182.8,1182.8,1182.8,1182.8,1182.8,1182.8,1182.8,2218.9,2020.5,1182.8,1182.8,2009.2,1861.5,1182.8,1182.8,2152.8,1182.8,2213,1182.8,1182.8,1182.8,1182.8,2187.2,1182.8,1182.8,1182.8,1182.8,2306.1,1828.6,1182.8,1182.8,1182.8,2105.8,1182.8,1182.8,1758.9,2050.6,1182.8,1182.8,1851.6,2263,1182.8,1424.2,1313.3,1778,1211.8,1453.1,1047.4,984.15,1287.4,1182.8,1583.6,1507.2,1201.2,1055.3,1205.3,1345.8,1260,796.28,1400.2,1337.6,1182.8,1138.5,1887.9,1436.1,0.87805,0.93438,1,1,0.93404,0.94005,1,1,0.92378,0.89407,1,1,0.89496,0.88839,1,0.93797,0.92582,0.92857,0.88479,0.88739,0.91694,0.91694,1,1,0.93655,0.94624,1,1,0.94635,0.90842,1,0.93719,1,0.89879,0.91166,0.91349,0.87562,1,0.93766,0.94949,0.90975,0.93523,1,1,0.91379,0.93404,0.93113,1,0.93169,0.89754,1,1,0.94369,0.9399,1,1,0.95989,1,1,1,1,1,1,1,1,0.9328,1,1,1,1,1,1,1,1,1,1,0.93622,1,1,1
4,20,0.5,10,13,2,2e+06,0,0,100,0,71,99,33,22,34,9,63,38,0.467,0.328,0.468,0.267,0.439,0.458,0.328,0.377,0.227,0.275,0.378,0.356,0.475,0.399,0.35,0.391,0.225,0.212,0.426,0.297,0.22,0.477,0.216,0.22,0.372,0.332,0.208,0.214,0.271,0.238,0.389,0.343,0.233,0.331,0.471,0.37,0.419,0.495,0.377,0.351,0.36,0.382,0.43,0.38,0.417,0.33,0.394,0.253,0.463,0.275,0.307,0.291,0.491,0.257,0.229,0.408,0.228,0.26,0.382,0.413,0.468,0.381,0.459,0.403,0.436,0.361,0.201,0.259,0.332,0.368,0.315,0.394,0.376,0.43,0.252,0.351,0.315,0.494,0.481,0.468,0,0,5.1171,4.6678,10.185,8.8564,15.397,12.839,20.651,16.328,25.894,19.286,31.165,21.724,36.5,23.612,41.885,24.882,47.293,25.509,52.706,25.509,58.114,24.882,63.499,23.612,68.834,21.724,74.106,19.286,79.349,16.328,84.602,12.839,89.814,8.8563,94.883,4.6678,100,0,0,0,1,1,0,0,0,0,1,0,1,0,0,0,0,0,0,0,1,1,1,0,1,1,0,0,0,0,1,0,0,1,1,0,1,1,0,1,0,0,1,1,1,1,1,0,0,0,1,0,1,1,0,0,1,0,1,0,1,1,1,0,1,1,1,0,1,1,1,0,0,1,1,0,1,1,1,0,1,1,0.29215,0.21903,0.27801,0.21081,0.2781,0.26386,0.21582,0.24222,0.22855,0.2231,0.28043,0.26792,0.28855,0.24226,0.22396,0.24523,0.22217,0.1993,0.31527,0.26326,0.23194,0.33226,0.21502,0.22077,0.30892,0.27659,0.20416,0.21033,0.24831,0.20498,0.27687,0.26984,0.21098,0.2326,0.2964,0.26003,0.26069,0.28179,0.2337,0.22381,0.24832,0.24515,0.26246,0.24407,0.29532,0.23804,0.26519,0.20145,0.31377,0.21427,0.24059,0.23136,0.31648,0.20701,0.2057,0.27081,0.218,0.21356,0.27982,0.28862,0.27324,0.2266,0.2608,0.23936,0.31462,0.26336,0.19763,0.22439,0.25487,0.25076,0.2279,0.26646,0.27064,0.27272,0.20892,0.24772,0.21719,0.26162,0.26427,0.25692,1242.6,1242.6,2355.5,1673.7,1242.6,1242.6,1242.6,1242.6,1653.9,1242.6,2178.9,1242.6,1242.6,1242.6,1242.6,1242.6,1242.6,1242.6,2230.1,1777.8,1431.4,1242.6,1403.7,1416,1242.6,1242.6,1242.6,1242.6,1798.2,1242.6,1242.6,2036.1,1215.6,1242.6,1771,1538,1242.6,3497.3,1242.6,1242.6,1164,1145.3,1288.4,1184.5,3273.8,1242.6,1242.6,1242.6,1794.1,1242.6,1382.5,1344.8,1242.6,1242.6,2111.8,1242.6,1229.2,1242.6,1599.5,1673,1624.5,1242.6,1571.6,1448.3,1860.7,1242.6,1216.2,1358.9,1914.6,1242.6,1242.6,2114.7,1648.6,1242.6,1297.5,1541.1,1301.8,1242.6,1677.2,1639.4,0.94647,0.92378,1,1,0.94305,0.94541,0.92378,0.93369,1,0.90909,1,0.92978,0.94737,0.93734,0.92857,0.93606,0.88889,0.88208,1,1,1,0.99252,1,1,0.9328,0.95414,0.87981,0.88318,1,0.89496,0.93573,1,1,0.92447,1,1,0.94033,1,0.93369,0.92877,1,1,1,1,1,0.92424,0.93655,0.90119,1,0.90909,1,1,0.94908,0.90272,1,0.93873,1,0.90385,1,1,1,0.93438,1,1,1,0.93075,1,1,1,0.93207,0.92063,1,1,0.94186,1,1,1,0.94939,1,1
4,20,0.5,10,2,2,2e+06,0,0,100,0,80,7,100,78,0,89,87,70,0.466,0.34,0.311,0.224,0.5,0.461,0.2,0.404,0.397,0.323,0.343,0.316,0.336,0.208,0.328,0.231,0.212,0.367,0.383,0.422,0.277,0.418,0.414,0.351,0.468,0.434,0.348,0.429,0.4,0.494,0.235,0.461,0.37,0.236,0.492,0.452,0.218,0.283,0.323,0.388,0.476,0.324,0.414,0.492,0.331,0.391,0.471,0.462,0.242,0.26,0.386,0.433,0.274,0.311,0.302,0.337,0.251,0.424,0.229,0.467,0.224,0.435,0.455,0.335,0.382,0.306,0.428,0.377,0.384,0.453,0.337,0.465,0.348,0.387,0.369,0.417,0.364,0.436,0.334,0.474,0,0,5.1161,4.6676,10.179,8.8458,15.389,12.844,20.643,16.346,25.886,19.307,31.161,21.75,36.5,23.64,41.888,24.907,47.297,25.531,52.707,25.531,58.115,24.908,63.503,23.641,68.842,21.751,74.116,19.309,79.359,16.347,84.612,12.845,89.821,8.8463,94.884,4.6678,100,0,1,1,1,1,0,0,1,1,1,1,1,1,1,1,1,1,1,1,1,1,1,1,1,1,1,1,1,1,1,0,1,1,1,1,0,1,1,1,1,1,1,1,1,1,1,1,1,1,1,1,1,1,1,1,1,1,1,1,1,1,1,1,1,1,1,1,1,1,1,1,1,1,1,1,1,1,1,1,1,1,0.29617,0.26061,0.23904,0.20419,0.28049,0.27969,0.17543,0.26439,0.26503,0.24722,0.24719,0.24056,0.27503,0.2203,0.2749,0.22977,0.18773,0.26531,0.2648,0.28216,0.21059,0.27519,0.26817,0.24604,0.26056,0.25947,0.22613,0.25384,0.24992,0.28289,0.19119,0.276,0.24262,0.19581,0.2851,0.27647,0.20434,0.24446,0.2643,0.2869,0.26032,0.21739,0.2521,0.27019,0.21535,0.24428,0.27603,0.26434,0.20561,0.22143,0.28287,0.29008,0.22789,0.25319,0.25738,0.26154,0.20569,0.28543,0.21106,0.29781,0.18529,0.27849,0.29777,0.23845,0.24349,0.22421,0.28296,0.24934,0.23156,0.26498,0.23691,0.26655,0.22734,0.25238,0.25929,0.261,0.22609,0.2621,0.2392,0.27261,1480.6,1200.9,1128.6,984.26,1236.6,1236.6,1628.8,2486,1296.5,1143.3,1189.5,1169.2,1284.5,1011.7,1294.3,1135,878.98,1240.3,1274.2,1408.3,981.21,1331.5,1312.6,1193.8,1314.3,1266.6,1039.3,1256.7,1588.4,1236.6,1212.9,1847.6,1546.3,1218.9,1236.6,1863.2,977.37,1121.7,1231.1,1423.1,1316.1,966.49,1205.2,1391.9,993.96,1152.7,1380.9,1339.8,976.04,1019.7,1329.6,1456.4,1091.2,1177.7,1186.7,1299.3,971,1362.6,954.55,1505.9,868.23,1343.7,1455.3,1151.7,1187,1030.3,1376.9,1233.4,1120.6,1314.7,1069,1360,1095.1,1208.1,1220.5,1311.2,1087.1,1287.9,1082.6,1401.9,1,1,1,1,0.95,0.94577,1,1,1,1,1,1,1,1,1,1,1,1,1,1,1,1,1,1,1,1,1,1,1,0.94939,1,1,1,1,0.94919,1,1,1,1,1,1,1,1,1,1,1,1,1,1,1,1,1,1,1,1,1,1,1,1,1,1,1,1,1,1,1,1,1,1,1,1,1,1,1,1,1,1,1,1,1
